Gestor de red,provincia_codigo,municipio_codigo,Coordenada UTM X,Coordenada UTM Y,Subestación,Nivel de Tensión (kV),Capacidad disponible (MW),Capacidad comprometida por cuestiones regulatorias,Capacidad ocupada (MW),Capacidad admitida y no resuelta (MW),Posiciones ocupadas,Posiciones libres,Nudo Afección RdT,Nudo limitado por Scc ,Nudo 0*,Comentarios,Comunidad Autónoma,Nombre Subestación,provincia,municipio,lat,lon
R1-299,22,22015,721553.15,4662582.49,15121170,45,0.0,0,0.0,0.0,,,ESQUEDAS 220,0,0,,02 - Aragón,AEROP-HU,Huesca,Alcalá del Obispo,42.08406699518988,-0.32137881914893757
R1-299,22,22015,721553.15,4662582.49,15121170,15,0.0,0,0.02,0.0,,,ESQUEDAS 220,0,0,,02 - Aragón,AEROP-HU,Huesca,Alcalá del Obispo,42.08406699518988,-0.32137881914893757
R1-299,22,22021,698671.85,4657634.7,1500008,45,0.0,0,0.0,0.0,,,ESQUEDAS 220,0,0,Subestación con espacio insuficiente o posibles restricciones para su ampliación. Dificultad para la conexión de una nueva posición o con coste muy elevado.,02 - Aragón,ALMUDEVAR,Huesca,Almudévar,42.0456660809384,-0.5994484489729066
R1-299,22,22021,698671.85,4657634.7,1500008,15,0.0,0,2.01,0.0,,,ESQUEDAS 220,0,0,,02 - Aragón,ALMUDEVAR,Huesca,Almudévar,42.0456660809384,-0.5994484489729066
R1-299,22,22025,783653.43,4631580.15,15003600,66,0.0,0,14.64,0.0,,,MONZON 220,0,0,,02 - Aragón,ALTORRICON,Huesca,Altorricón,41.785369765982445,0.4133608841785104
R1-299,22,22028,677657.27,4735388.87,1500003,45,0.0,0,0.0,0.0,,,SABIÑANIGO 220,0,0,,02 - Aragón,ANSO,Huesca,Ansó,42.75045411803981,-0.8291856660757163
R1-299,22,22028,677657.27,4735388.87,1500003,10,0.0,0,0.0,0.0,,,SABIÑANIGO 220,0,0,,02 - Aragón,ANSO,Huesca,Ansó,42.75045411803981,-0.8291856660757163
R1-299,22,22072,693728.95,4697557.99,1500034,45,0.0,0,7.9,0.0,,,SABIÑANIGO 220,0,0,,02 - Aragón,ANZANIGO,Huesca,Caldearenas,42.40615859616427,-0.6458069476994042
R1-299,22,22072,693728.95,4697557.99,1500034,15,0.0,0,0.0,0.0,,,SABIÑANIGO 220,0,0,,02 - Aragón,ANZANIGO,Huesca,Caldearenas,42.40615859616427,-0.6458069476994042
R1-299,22,22111,778194.05,4702984.17,12153449,110,0.0,0,14.4,0.0,1.0,2.0,CINCA 220,0,0,,02 - Aragón,ARGONE,Huesca,Foradada del Toscar,42.429291189282424,0.38176399644833114
R1-299,22,22158,761147.85,4646434.46,15274852,132,0.0,0,39.4,0.0,0.0,3.0,MONZON 220,0,0,,02 - Aragón,ARMENTERA,Huesca,Monzón,41.92668333458934,0.1495031037268524
R1-299,22,22158,761147.85,4646434.46,15274852,25,0.0,0,9.84,0.0,,,MONZON 220,0,0,,02 - Aragón,ARMENTERA,Huesca,Monzón,41.92668333458934,0.1495031037268524
R1-299,22,22170,726456.39,4738114.82,1500043,66,0.0,0,5.48,0.0,,,SABIÑANIGO 220,0,0,,02 - Aragón,BAÑOS,Huesca,Panticosa,42.762126387693314,-0.23241694974111352
R1-299,22,22055,750074.09,4650000.44,11011373,45,0.0,0,2.24,0.0,,,ESQUEDAS 220,0,0,,02 - Aragón,BERBEGAL,Huesca,Berbegal,41.9623408089396,0.017647168393346162
R1-299,22,22076,675213.59,4718864.04,11033605,45,0.0,0,0.0,0.0,,,SABIÑANIGO 220,0,0,,02 - Aragón,BERDUN,Huesca,Canal de Berdún,42.60230388768755,-0.8641261126239924
R1-299,22,22076,675213.59,4718864.04,11033605,10,0.0,0,0.02,0.0,,,SABIÑANIGO 220,0,0,,02 - Aragón,BERDUN,Huesca,Canal de Berdún,42.60230388768755,-0.8641261126239924
R1-299,22,22059,719756.06,4723418.77,15458394,132,0.0,0,0.0,0.0,0.0,1.0,SABIÑANIGO 220,0,0,,02 - Aragón,BIESCAS,Huesca,Biescas,42.63187442616351,-0.31990982127893997
R1-299,22,22059,719756.06,4723418.77,15458394,11,0.0,0,0.0,0.0,,,SABIÑANIGO 220,0,0,,02 - Aragón,BIESCAS,Huesca,Biescas,42.63187442616351,-0.31990982127893997
R1-299,22,22061,774282.28,4639139.09,12153348,110,0.0,0,0.0,0.0,0.0,0.0,CINCA 220,0,0,Subestación con espacio insuficiente o posibles restricciones para su ampliación. Dificultad para la conexión de una nueva posición o con coste muy elevado.,02 - Aragón,BINEFAR,Huesca,Binéfar,41.856633068221,0.30427255215746535
R1-299,22,22061,774282.28,4639139.09,12153348,25,0.0,0,24.46,0.0,,,CINCA 220,0,0,,02 - Aragón,BINEFAR,Huesca,Binéfar,41.856633068221,0.30427255215746535
R1-299,22,22048,758030.26,4655297.39,12127493,110,0.0,0,24.75,0.0,1.0,0.0,CINCA 220,0,0,,02 - Aragón,BRILEN,Huesca,Barbastro,42.00741584306774,0.11584357885107283
R1-299,22,22078,703266.8,4735487.87,1500042,45,0.0,0,6.0,0.0,,,SABIÑANIGO 220,0,0,,02 - Aragón,CANALROYA,Huesca,Canfranc,42.744988416382,-0.5164929303723982
R1-299,22,22078,703266.8,4735487.87,1500042,17,0.0,0,0.0,0.0,,,SABIÑANIGO 220,0,0,,02 - Aragón,CANALROYA,Huesca,Canfranc,42.744988416382,-0.5164929303723982
R1-299,22,22006,702746.33,4739867.41,11018853,45,0.0,0,0.0,0.0,,,SABIÑANIGO 220,0,0,,02 - Aragón,CANDANCHU,Huesca,Aisa,42.784528922183654,-0.5212748584993729
R1-299,22,22006,702746.33,4739867.41,11018853,17,0.0,0,0.21,0.0,,,SABIÑANIGO 220,0,0,,02 - Aragón,CANDANCHU,Huesca,Aisa,42.784528922183654,-0.5212748584993729
R1-299,22,22105,799239.16,4653474.37,4105262,132,0.0,0,108.0,0.0,0.0,0.0,MANGRANERS 220,0,0,Subestación con espacio insuficiente o posibles restricciones para su ampliación. Dificultad para la conexión de una nueva posición o con coste muy elevado.,02 - Aragón,CANELLES,Huesca,Estopiñán del Castillo,41.97645504605326,0.6116438119768015
R1-299,22,22173,686307.56,4693445.34,1500005,45,0.0,0,4.9,0.0,,,SABIÑANIGO 220,0,0,,02 - Aragón,CARCAVILLA,Huesca,"Peñas de Riglos, Las",42.370964911444794,-0.7372522299615755
R1-299,22,22173,686307.56,4693445.34,1500005,15,0.0,0,0.23,0.0,,,SABIÑANIGO 220,0,0,,02 - Aragón,CARCAVILLA,Huesca,"Peñas de Riglos, Las",42.370964911444794,-0.7372522299615755
R1-299,22,22199,714231.27,4711871.62,1500047,45,0.0,0,7.8,0.0,,,SABIÑANIGO 220,0,0,,02 - Aragón,CARTIRANA,Huesca,Sabiñánigo,42.52954775403851,-0.3915565284691239
R1-299,22,22199,714231.27,4711871.62,1500047,15,0.0,0,3.95,0.0,,,SABIÑANIGO 220,0,0,,02 - Aragón,CARTIRANA,Huesca,Sabiñánigo,42.52954775403851,-0.3915565284691239
R1-299,22,22078,703273.9,4735234.12,11013031,132,0.0,0,84.0,0.0,0.0,0.0,SABIÑANIGO 220,0,0,,02 - Aragón,CH_IP,Huesca,Canfranc,42.742703542101225,-0.516497445405716
R1-299,22,22078,703273.9,4735234.12,11013031,45,0.0,0,0.0,0.0,,,SABIÑANIGO 220,0,0,,02 - Aragón,CH_IP,Huesca,Canfranc,42.742703542101225,-0.516497445405716
R1-299,22,22130,700977.58,4717623.77,11013161,45,0.0,0,15.2,0.0,,,SABIÑANIGO 220,0,0,,02 - Aragón,CH_JACA,Huesca,Jaca,42.5848616878912,-0.5507588346961039
R1-299,22,22199,715688.54,4706511.71,1500050,45,0.0,0,6.8,0.0,,,SABIÑANIGO 220,0,0,,02 - Aragón,CH_SABIÑAN,Huesca,Sabiñánigo,42.48092274092838,-0.3758499842926021
R1-299,22,22199,715688.54,4706511.71,1500050,15,0.0,0,0.2,0.0,,,SABIÑANIGO 220,0,0,,02 - Aragón,CH_SABIÑAN,Huesca,Sabiñánigo,42.48092274092838,-0.3758499842926021
R1-299,22,22158,764842.83,4646277.58,12153353,110,0.0,0,0.0,0.0,0.0,4.0,CINCA 220,0,0,,02 - Aragón,CINCA,Huesca,Monzón,41.92404220813175,0.19392858158971685
R1-299,22,22158,764842.83,4646277.58,12153353,25,0.0,0,9.45,0.0,,,CINCA 220,0,0,,02 - Aragón,CINCA,Huesca,Monzón,41.92404220813175,0.19392858158971685
R1-299,22,22115,767152.25,4666106.4,12247847,66,0.0,0,24.0,0.0,,,MONZON 220,0,0,,02 - Aragón,ENATE,Huesca,"Grado, El",42.10157209709193,0.23075749958372888
R1-299,22,22223,808802.3,4692212.67,4111852,132,0.0,0,36.0,0.0,0.0,0.0,PONT DE SUERT 220,0,0,,02 - Aragón,ESCALES,Huesca,Sopeira,42.32091914228484,0.74733853969692
R1-299,22,22006,694560.11,4725783.84,1500007,45,0.0,0,0.0,0.0,,,SABIÑANIGO 220,0,0,,02 - Aragón,ESPOSA,Huesca,Aisa,42.65993024109324,-0.6261105448236687
R1-299,22,22006,694560.11,4725783.84,1500007,15,0.0,0,0.0,0.0,,,SABIÑANIGO 220,0,0,,02 - Aragón,ESPOSA,Huesca,Aisa,42.65993024109324,-0.6261105448236687
R1-299,22,22904,700480.25,4676509.38,15282081,132,0.0,0,12.5,0.0,0.0,0.0,ESQUEDAS 220,0,0,,02 - Aragón,ESQUEDAS,Huesca,"Sotonera, La",42.215048594541216,-0.571132697972004
R1-299,22,22904,700480.25,4676509.38,15282081,15,0.0,0,12.75,0.0,,,ESQUEDAS 220,0,0,,02 - Aragón,ESQUEDAS,Huesca,"Sotonera, La",42.215048594541216,-0.571132697972004
R1-299,22,22112,777217.43,4600892.72,12089350,110,0.0,0,29.04,0.0,1.0,0.0,ESCATRON 220,0,0,Subestación con espacio insuficiente o posibles restricciones para su ampliación. Dificultad para la conexión de una nueva posición o con coste muy elevado.,02 - Aragón,FRAGA,Huesca,Fraga,41.5117026188476,0.32181912797252216
R1-299,22,22112,777217.43,4600892.72,12089350,25,0.0,0,36.26,0.0,,,ESCATRON 220,0,0,,02 - Aragón,FRAGA,Huesca,Fraga,41.5117026188476,0.32181912797252216
R1-299,22,22115,767129.12,4671840.48,12089742,66,0.0,0,0.0,0.0,,,GRADO 220,0,0,,02 - Aragón,GRADO1,Huesca,"Grado, El",42.153141471638826,0.23310171236376823
R1-299,22,22115,767129.12,4671840.48,12089742,25,0.0,0,7.11,0.0,,,GRADO 220,0,0,,02 - Aragón,GRADO1,Huesca,"Grado, El",42.153141471638826,0.23310171236376823
R1-299,22,22115,767101.86,4666452.77,12096830,66,0.0,0,27.2,0.0,,,MONZON 220,0,0,,02 - Aragón,GRADO2,Huesca,"Grado, El",42.10470386032083,0.23030731747656158
R1-299,22,22116,716504.59,4645437.91,1500053,45,0.0,0,0.0,0.0,,,PEÑAFLOR 220,0,0,,02 - Aragón,GRAÑEN,Huesca,Grañén,41.93122078146186,-0.3886751242411672
R1-299,22,22116,716504.59,4645437.91,1500053,15,0.0,0,6.51,0.0,,,PEÑAFLOR 220,0,0,,02 - Aragón,GRAÑEN,Huesca,Grañén,41.93122078146186,-0.3886751242411672
R1-299,22,22901,683955.71,4733064.53,1500004,45,0.0,0,0.0,0.0,,,SABIÑANIGO 220,0,0,,02 - Aragón,HECHO,Huesca,Valle de Hecho,42.728054175896595,-0.7530367711267297
R1-299,22,22901,683955.71,4733064.53,1500004,10,0.0,0,0.0,0.0,,,SABIÑANIGO 220,0,0,,02 - Aragón,HECHO,Huesca,Valle de Hecho,42.728054175896595,-0.7530367711267297
R1-299,22,22125,715327.46,4669574.18,1500048,45,0.0,0,0.0,0.0,,,ESQUEDAS 220,0,0,Subestación con espacio insuficiente o posibles restricciones para su ampliación. Dificultad para la conexión de una nueva posición o con coste muy elevado.,02 - Aragón,HUESCA_EST,Huesca,Huesca,42.14870401849251,-0.3939946106765864
R1-299,22,22125,715327.46,4669574.18,1500048,15,0.0,0,6.1,0.0,,,ESQUEDAS 220,0,0,,02 - Aragón,HUESCA_EST,Huesca,Huesca,42.14870401849251,-0.3939946106765864
R1-299,22,22125,715327.46,4669574.18,1500048,10,0.0,0,1.0,0.0,,,ESQUEDAS 220,0,0,,02 - Aragón,HUESCA_EST,Huesca,Huesca,42.14870401849251,-0.3939946106765864
R1-299,22,22125,713502.15,4669111.2,1500016,132,0.0,0,0.0,0.0,0.0,0.0,ESQUEDAS 220,0,0,,02 - Aragón,HUESCA_NOR,Huesca,Huesca,42.14503794123168,-0.4162331294005678
R1-299,22,22125,713502.15,4669111.2,1500016,45,0.0,0,0.0,0.0,,,ESQUEDAS 220,0,0,,02 - Aragón,HUESCA_NOR,Huesca,Huesca,42.14503794123168,-0.4162331294005678
R1-299,22,22125,713502.15,4669111.2,1500016,10,0.0,0,0.65,0.0,,,ESQUEDAS 220,0,0,,02 - Aragón,HUESCA_NOR,Huesca,Huesca,42.14503794123168,-0.4162331294005678
R1-299,22,22125,713884.45,4666833.34,15012881,45,0.0,0,0.0,0.0,,,ESQUEDAS 220,0,0,,02 - Aragón,HUESCA_SUR,Huesca,Huesca,42.124439217460264,-0.41244610444147567
R1-299,22,22125,713884.45,4666833.34,15012881,10,0.0,0,0.1,0.0,,,ESQUEDAS 220,0,0,,02 - Aragón,HUESCA_SUR,Huesca,Huesca,42.124439217460264,-0.41244610444147567
R1-299,22,22072,708929.79,4699510.35,11013537,45,0.0,0,15.0,0.0,,,SABIÑANIGO 220,0,0,,02 - Aragón,JABARRELLA,Huesca,Caldearenas,42.41978356275902,-0.46054718170527786
R1-299,22,22130,702041.07,4716566.08,1500023,45,0.0,0,0.0,0.0,,,SABIÑANIGO 220,0,0,,02 - Aragón,JACA_NORTE,Huesca,Jaca,42.5750675124912,-0.538184705078217
R1-299,22,22130,702041.07,4716566.08,1500023,10,0.0,0,2.06,0.0,,,SABIÑANIGO 220,0,0,,02 - Aragón,JACA_NORTE,Huesca,Jaca,42.5750675124912,-0.538184705078217
R1-299,22,22130,700620.1,4714833.43,1500035,132,0.0,0,0.0,0.0,0.0,2.0,SABIÑANIGO 220,0,0,,02 - Aragón,JACA_SUR,Huesca,Jaca,42.55984846461011,-0.5560924436294378
R1-299,22,22130,700620.1,4714833.43,1500035,45,0.0,0,9.35,0.0,,,SABIÑANIGO 220,0,0,,02 - Aragón,JACA_SUR,Huesca,Jaca,42.55984846461011,-0.5560924436294378
R1-299,22,22130,700620.1,4714833.43,1500035,10,0.0,0,8.83,0.0,,,SABIÑANIGO 220,0,0,,02 - Aragón,JACA_SUR,Huesca,Jaca,42.55984846461011,-0.5560924436294378
R1-299,22,22072,703028.78,4696946.35,1500039,45,0.0,0,10.6,0.0,,,SABIÑANIGO 220,0,0,,02 - Aragón,JAVIERRELA,Huesca,Caldearenas,42.39827957706621,-0.5331106062440085
R1-299,22,22072,703028.78,4696946.35,1500039,10,0.0,0,0.02,0.0,,,SABIÑANIGO 220,0,0,,02 - Aragón,JAVIERRELA,Huesca,Caldearenas,42.39827957706621,-0.5331106062440085
R1-299,22,22072,692077.91,4696054.18,1500037,45,0.0,0,0.9,0.0,,,SABIÑANIGO 220,0,0,,02 - Aragón,LA_HIDRO,Huesca,Caldearenas,42.39303663500194,-0.6663559026975149
R1-299,22,22072,692077.91,4696054.18,1500037,10,0.0,0,0.0,0.0,,,SABIÑANIGO 220,0,0,,02 - Aragón,LA_HIDRO,Huesca,Caldearenas,42.39303663500194,-0.6663559026975149
R1-299,22,22173,689672.16,4694820.69,1500036,45,0.0,0,0.0,0.0,,,SABIÑANIGO 220,0,0,,02 - Aragón,LA_PEÑA,Huesca,"Peñas de Riglos, Las",42.38252784294677,-0.6959675554186489
R1-299,22,22173,689672.16,4694820.69,1500036,10,0.0,0,0.22,0.0,,,SABIÑANIGO 220,0,0,,02 - Aragón,LA_PEÑA,Huesca,"Peñas de Riglos, Las",42.38252784294677,-0.6959675554186489
R1-299,22,22227,762586.26,4715034.37,1500011,132,0.0,0,83.4,0.0,0.0,2.0,LA FORTUNADA 220,0,0,,02 - Aragón,LAFORTUNAD,Huesca,Tella-Sin,42.54308302955378,0.1978483594109302
R1-299,22,22227,762586.26,4715034.37,1500011,30,0.0,0,15.75,0.0,,,LA FORTUNADA 220,0,0,,02 - Aragón,LAFORTUNAD,Huesca,Tella-Sin,42.54308302955378,0.1978483594109302
R1-299,22,22119,684998.93,4652373.1,11009064,45,0.0,0,0.0,0.0,,,VILLANUEVA DE GALLEGO 220,0,0,,02 - Aragón,LANIPIEL,Huesca,Gurrea de Gállego,42.00164876610147,-0.7661912977104464
R1-299,22,22170,720565.11,4734169.7,11012307,132,0.0,0,49.8,0.0,0.0,1.0,SABIÑANIGO 220,0,0,,02 - Aragón,LANUZA,Huesca,Panticosa,42.72835473008849,-0.30587540493855375
R1-299,22,22144,758769.26,4710653.96,1500019,132,0.0,0,13.6,0.0,0.0,1.0,LA FORTUNADA 220,0,0,,02 - Aragón,LASPUÑA,Huesca,Laspuña,42.50498067784801,0.14945165073252323
R1-299,22,22144,758769.26,4710653.96,1500019,110,0.0,0,0.0,0.0,0.0,0.0,LA FORTUNADA 220,0,0,,02 - Aragón,LASPUÑA,Huesca,Laspuña,42.50498067784801,0.14945165073252323
R1-299,22,22144,758769.26,4710653.96,1500019,30,0.0,0,0.1,0.0,,,LA FORTUNADA 220,0,0,,02 - Aragón,LASPUÑA,Huesca,Laspuña,42.50498067784801,0.14945165073252323
R1-299,22,22213,742877.92,4638062.46,1500045,45,0.0,0,10.58,0.0,,,PEÑAFLOR 220,0,0,,02 - Aragón,LASTANOSA,Huesca,Sariñena,41.85720715103746,-0.07399011027023926
R1-299,22,22213,742877.92,4638062.46,1500045,25,0.0,0,13.63,0.0,,,PEÑAFLOR 220,0,0,,02 - Aragón,LASTANOSA,Huesca,Sariñena,41.85720715103746,-0.07399011027023926
R1-299,22,22136,725238.99,4640237.61,1500038,132,0.0,0,0.0,0.0,0.0,2.0,PEÑAFLOR 220,0,0,,02 - Aragón,MARCEN,Huesca,Lalueza,41.881992075330594,-0.28542316768661463
R1-299,22,22136,725238.99,4640237.61,1500038,45,0.0,0,30.0,0.0,,,PEÑAFLOR 220,0,0,,02 - Aragón,MARCEN,Huesca,Lalueza,41.881992075330594,-0.28542316768661463
R1-299,22,22136,725238.99,4640237.61,1500038,15,0.0,0,10.62,0.0,,,PEÑAFLOR 220,0,0,,02 - Aragón,MARCEN,Huesca,Lalueza,41.881992075330594,-0.28542316768661463
R1-299,22,22077,751139.3,4598776.12,11061569,110,0.0,0,0.0,0.0,0.0,2.0,ESCATRON 220,0,0,,02 - Aragón,MONEGROS,Huesca,Candasnos,41.50126227616869,0.008885426787515978
R1-299,22,22077,751139.3,4598776.12,11061569,25,0.0,0,8.21,0.0,,,ESCATRON 220,0,0,,02 - Aragón,MONEGROS,Huesca,Candasnos,41.50126227616869,0.008885426787515978
R1-299,22,22072,714739.69,4691437.91,1500001,45,0.0,0,0.0,0.0,,,ESQUEDAS 220,0,0,,02 - Aragón,MONREPOS,Huesca,Caldearenas,42.34557257924156,-0.3930088039934995
R1-299,22,22072,714739.69,4691437.91,1500001,15,0.0,0,0.0,0.0,,,ESQUEDAS 220,0,0,,02 - Aragón,MONREPOS,Huesca,Caldearenas,42.34557257924156,-0.3930088039934995
R1-299,22,22158,763237.35,4647247.63,12089364,132,0.0,0,69.4,0.0,0.0,4.0,MONZON 220,0,0,,02 - Aragón,MONZON,Huesca,Monzón,41.93330247285476,0.1750287251856883
R1-299,22,22158,763237.35,4647247.63,12089364,66,0.0,0,42.120000000000005,0.0,,,MONZON 220,0,0,,02 - Aragón,MONZON,Huesca,Monzón,41.93330247285476,0.1750287251856883
R1-299,22,22158,763237.35,4647247.63,12089364,25,0.0,0,72.57,0.0,,,MONZON 220,0,0,,02 - Aragón,MONZON,Huesca,Monzón,41.93330247285476,0.1750287251856883
R1-299,22,22174,743049.03,4647430.05,1500030,45,0.0,0,0.0,0.0,,,ESQUEDAS 220,0,0,,02 - Aragón,PERALTA,Huesca,Peralta de Alcofea,41.941416368049275,-0.06807616860858653
R1-299,22,22174,743049.03,4647430.05,1500030,25,0.0,0,3.52,0.0,,,ESQUEDAS 220,0,0,,02 - Aragón,PERALTA,Huesca,Peralta de Alcofea,41.941416368049275,-0.06807616860858653
R1-299,22,22117,777063.15,4680686.77,12153547,110,0.0,0,0.0,0.0,0.0,0.0,CINCA 220,0,0,Subestación con espacio insuficiente o posibles restricciones para su ampliación. Dificultad para la conexión de una nueva posición o con coste muy elevado.,02 - Aragón,PERARRUA,Huesca,Graus,42.22922846242131,0.35734991907567154
R1-299,22,22117,777063.15,4680686.77,12153547,25,0.0,0,11.0,0.0,,,CINCA 220,0,0,,02 - Aragón,PERARRUA,Huesca,Graus,42.22922846242131,0.35734991907567154
R1-299,22,22178,739149.56,4654456.88,1500014,45,0.0,0,0.0,0.0,,,ESQUEDAS 220,0,0,,02 - Aragón,PERTUSA,Huesca,Pertusa,42.00581561893492,-0.1122015021519425
R1-299,22,22178,739149.56,4654456.88,1500014,25,0.0,0,5.07,0.0,,,ESQUEDAS 220,0,0,,02 - Aragón,PERTUSA,Huesca,Pertusa,42.00581561893492,-0.1122015021519425
R1-299,22,22178,739149.56,4654456.88,1500014,10,0.0,0,2.47,0.0,,,ESQUEDAS 220,0,0,,02 - Aragón,PERTUSA,Huesca,Pertusa,42.00581561893492,-0.1122015021519425
R1-299,22,22112,783340.66,4603595.38,15263862,110,0.0,0,0.0,0.0,0.0,4.0,ESCATRON 220,0,0,,02 - Aragón,PLFRAGA,Huesca,Fraga,41.53386234097363,0.3963415388943496
R1-299,22,22112,783340.66,4603595.38,15263862,25,0.0,0,12.9,0.0,,,ESCATRON 220,0,0,,02 - Aragón,PLFRAGA,Huesca,Fraga,41.53386234097363,0.3963415388943496
R1-299,22,22125,710442.36,4664333.14,15242696,132,0.0,0,58.0,0.0,3.0,0.0,ESQUEDAS 220,0,0,,02 - Aragón,PLHUS,Huesca,Huesca,42.10287468447452,-0.4549488249185146
R1-299,22,22125,710442.36,4664333.14,15242696,45,0.0,0,0.0,0.0,,,ESQUEDAS 220,0,0,,02 - Aragón,PLHUS,Huesca,Huesca,42.10287468447452,-0.4549488249185146
R1-299,22,22125,710442.36,4664333.14,15242696,15,0.0,0,20.18,0.0,,,ESQUEDAS 220,0,0,,02 - Aragón,PLHUS,Huesca,Huesca,42.10287468447452,-0.4549488249185146
R1-299,22,22170,720582.45,4734210.88,1500044,66,0.0,0,14.3,0.0,,,SABIÑANIGO 220,0,0,,02 - Aragón,PUEYO,Huesca,Panticosa,42.728720186071726,-0.3056477870422078
R1-299,22,22136,725440.11,4640198.31,11012126,45,0.0,0,0.0,0.0,,,PEÑAFLOR 220,0,0,,02 - Aragón,R_MARCEN,Huesca,Lalueza,41.88158120464971,-0.2830168910722498
R1-299,22,22226,703698.93,4650143.33,11012058,45,0.0,0,0.0,0.0,,,PEÑAFLOR 220,0,0,,02 - Aragón,R_TARDIENT,Huesca,Tardienta,41.976970114537636,-0.541358628453623
R1-299,22,22197,710649.01,4635053.19,15130858,132,0.0,0,30.0,0.0,0.0,2.0,PEÑAFLOR 220,0,0,,02 - Aragón,ROBRES,Huesca,Robres,41.839363229854634,-0.4629349634153425
R1-299,22,22089,797099.92,4642867.23,4133575,132,0.0,0,30.4,0.0,0.0,0.0,MANGRANERS 220,0,0,,02 - Aragón,S.ANA,Huesca,Castillonroy,41.881914920577195,0.5805304893421586
R1-299,22,22199,717030.34,4710543.32,1500056,132,0.0,0,0.0,0.0,0.0,2.0,SABIÑANIGO 220,0,0,,02 - Aragón,SABIÑANIGO,Huesca,Sabiñánigo,42.51681749527764,-0.3580144357803756
R1-299,22,22199,717030.34,4710543.32,1500056,15,0.0,0,13.75,0.0,,,SABIÑANIGO 220,0,0,,02 - Aragón,SABIÑANIGO,Huesca,Sabiñánigo,42.51681749527764,-0.3580144357803756
R1-299,22,22204,718136.19,4738788.97,1500049,132,0.0,0,41.68,0.0,0.0,1.0,SABIÑANIGO 220,0,0,,02 - Aragón,SALLENT,Huesca,Sallent de Gállego,42.77060220439714,-0.33373063735051844
R1-299,22,22213,733630.05,4633768.98,15275072,45,0.0,0,0.0,0.0,,,PEÑAFLOR 220,0,0,,02 - Aragón,SARIÑENA,Huesca,Sariñena,41.82136620796183,-0.18696267900876298
R1-299,22,22213,733630.05,4633768.98,15275072,25,0.0,0,7.0,0.0,,,PEÑAFLOR 220,0,0,,02 - Aragón,SARIÑENA,Huesca,Sariñena,41.82136620796183,-0.18696267900876298
R1-299,22,22069,736522.12,4717064.46,1500028,45,0.0,0,0.0,0.0,,,SABIÑANIGO 220,0,0,,02 - Aragón,SARVISE,Huesca,Broto,42.569758240855364,-0.11831537279376089
R1-299,22,22069,736522.12,4717064.46,1500028,15,0.0,0,0.01,0.0,,,SABIÑANIGO 220,0,0,,02 - Aragón,SARVISE,Huesca,Broto,42.569758240855364,-0.11831537279376089
R1-299,22,22904,706786.76,4672711.38,15087300,132,0.0,0,39.2,0.0,0.0,1.0,ESQUEDAS 220,0,0,,02 - Aragón,SASO_PLANO,Huesca,"Sotonera, La",42.17923246468723,-0.496147666226427
R1-299,22,22199,715563.39,4706720.23,11013918,45,0.0,0,0.0,0.0,,,SABIÑANIGO 220,0,0,,02 - Aragón,SEC_SABIÑA,Huesca,Sabiñánigo,42.48283352160342,-0.3772926534987112
R1-299,22,22215,782452.33,4708585.71,12153380,110,0.0,0,37.010000000000005,0.0,0.0,0.0,CINCA 220,0,0,,02 - Aragón,SEIRA,Huesca,Seira,42.47810969452803,0.4361935092235441
R1-299,22,22215,782452.33,4708585.71,12153380,25,0.0,0,0.0,0.0,,,CINCA 220,0,0,,02 - Aragón,SEIRA,Huesca,Seira,42.47810969452803,0.4361935092235441
R1-299,22,22158,758693.74,4647296.22,1500040,45,0.0,0,0.0,0.0,,,ESQUEDAS 220,0,0,,02 - Aragón,SELGUA,Huesca,Monzón,41.93524113111114,0.12032661182996937
R1-299,22,22158,758693.74,4647296.22,1500040,10,0.0,0,0.54,0.0,,,ESQUEDAS 220,0,0,,02 - Aragón,SELGUA,Huesca,Monzón,41.93524113111114,0.12032661182996937
R1-299,22,22157,806734.23,4717016.87,4111979,132,0.0,0,8.64,0.0,0.0,0.0,PONT DE SUERT 220,0,0,,02 - Aragón,SENET,Huesca,Montanuy,42.544648389964365,0.7355268322977858
R1-299,22,22157,806734.23,4717016.87,4111979,25,0.0,0,9.76,0.0,,,PONT DE SUERT 220,0,0,,02 - Aragón,SENET,Huesca,Montanuy,42.544648389964365,0.7355268322977858
R1-299,22,22061,774399.67,4639022.38,15426396,110,0.0,0,0.0,0.0,0.0,0.0,CINCA 220,0,0,,02 - Aragón,SOSAL,Huesca,Binéfar,41.85554295257676,0.30563037598673953
R1-299,22,22014,692575.17,4663960.21,11009250,45,0.0,0,4.0,0.0,,,ESQUEDAS 220,0,0,,02 - Aragón,SOTONERA,Huesca,Alcalá de Gurrea,42.104106720146355,-0.6709734553914086
R1-299,22,22226,704892.12,4649387.26,1500054,45,0.0,0,0.0,0.0,,,PEÑAFLOR 220,0,0,,02 - Aragón,TARDIENTA,Huesca,Tardienta,41.96985752338669,-0.5272331026813263
R1-299,22,22226,704892.12,4649387.26,1500054,15,0.0,0,12.03,0.0,,,PEÑAFLOR 220,0,0,,02 - Aragón,TARDIENTA,Huesca,Tardienta,41.96985752338669,-0.5272331026813263
R1-299,22,22234,778629.4,4595431.3,12546690,110,0.0,0,0.0,0.0,0.0,1.0,ESCATRON 220,0,0,,02 - Aragón,TORRENTE,Huesca,Torrente de Cinca,41.462102954843175,0.3361878122996306
R1-299,22,22063,685863.32,4671555.55,11009196,45,0.0,0,4.0,0.0,,,ESQUEDAS 220,0,0,,02 - Aragón,VALDESPART,Huesca,Biscarrués,42.174079393144225,-0.7496656455274204
R1-299,22,22250,702330.14,4729316.39,1500041,45,0.0,0,11.0,0.0,,,SABIÑANIGO 220,0,0,,02 - Aragón,VILLANUA,Huesca,Villanúa,42.68971021817669,-0.5301310190543707
R1-299,22,22250,702330.14,4729316.39,1500041,15,0.0,0,0.0,0.0,,,SABIÑANIGO 220,0,0,,02 - Aragón,VILLANUA,Huesca,Villanúa,42.68971021817669,-0.5301310190543707
R1-299,22,22125,710003.07,4665073.12,15110998,45,0.0,0,0.0,0.0,,,ESQUEDAS 220,0,0,,02 - Aragón,WALQA,Huesca,Huesca,42.10965042317102,-0.4599905270938697
R1-299,22,22125,710003.07,4665073.12,15110998,15,0.0,0,4.79,0.0,,,ESQUEDAS 220,0,0,,02 - Aragón,WALQA,Huesca,Huesca,42.10965042317102,-0.4599905270938697
R1-299,44,44008,708503.12,4555258.01,120,45,0.0,0,0.0,0.0,,,ESCATRON 220,0,0,,02 - Aragón,ALBALATE,Teruel,Albalate del Arzobispo,41.12186132095388,-0.5163428276943399
R1-299,44,44008,708503.12,4555258.01,120,15,0.0,0,1.33,0.0,,,ESCATRON 220,0,0,,02 - Aragón,ALBALATE,Teruel,Albalate del Arzobispo,41.12186132095388,-0.5163428276943399
R1-299,44,44012,695622.05,4471588.79,125,45,0.0,0,0.0,0.0,,,ESCUCHA 220,0,0,,02 - Aragón,ALCA_SELVA,Teruel,Alcalá de la Selva,40.37193871361332,-0.6958125457352718
R1-299,44,44012,695622.05,4471588.79,125,20,0.0,0,1.06,0.0,,,ESCUCHA 220,0,0,,02 - Aragón,ALCA_SELVA,Teruel,Alcalá de la Selva,40.37193871361332,-0.6958125457352718
R1-299,44,44013,739206.54,4550300.4,137,132,0.0,0,32.7,0.0,0.0,0.0,HIJAR 220,0,0,,02 - Aragón,ALCAÑIZ,Teruel,Alcañiz,41.068797008623406,-0.15294082315581284
R1-299,44,44013,739206.54,4550300.4,137,45,0.0,0,30.5,0.0,,,HIJAR 220,0,0,,02 - Aragón,ALCAÑIZ,Teruel,Alcañiz,41.068797008623406,-0.15294082315581284
R1-299,44,44013,739206.54,4550300.4,137,10,0.0,0,1.41,0.0,,,HIJAR 220,0,0,,02 - Aragón,ALCAÑIZ,Teruel,Alcañiz,41.068797008623406,-0.15294082315581284
R1-299,44,44014,720396.09,4530758.28,135,45,0.0,0,0.0,0.0,,,HIJAR 220,0,0,,02 - Aragón,ALCORISA,Teruel,Alcorisa,40.89825350969254,-0.3835556389164561
R1-299,44,44014,720396.09,4530758.28,135,15,0.0,0,0.3,0.0,,,HIJAR 220,0,0,,02 - Aragón,ALCORISA,Teruel,Alcorisa,40.89825350969254,-0.3835556389164561
R1-299,44,44017,696129.02,4506482.14,124,132,0.0,0,0.0,0.0,0.0,2.0,ESCUCHA 220,0,0,,02 - Aragón,ALIAGA,Teruel,Aliaga,40.685915740555075,-0.6790290756122991
R1-299,44,44017,696129.02,4506482.14,124,45,0.0,0,24.92,0.0,,,ESCUCHA 220,0,0,,02 - Aragón,ALIAGA,Teruel,Aliaga,40.685915740555075,-0.6790290756122991
R1-299,44,44017,696129.02,4506482.14,124,20,0.0,0,2.69,0.0,,,ESCUCHA 220,0,0,,02 - Aragón,ALIAGA,Teruel,Aliaga,40.685915740555075,-0.6790290756122991
R1-299,44,44025,715951.31,4538825.37,13,45,0.0,0,0.0,0.0,,,HIJAR 220,0,0,,02 - Aragón,ANDORRA,Teruel,Andorra,40.97203630359663,-0.4334611164927832
R1-299,44,44025,715951.31,4538825.37,13,15,0.0,0,1.06,0.0,,,HIJAR 220,0,0,,02 - Aragón,ANDORRA,Teruel,Andorra,40.97203630359663,-0.4334611164927832
R1-299,44,44031,709908.34,4573602.31,19,132,0.0,0,121.21000000000001,0.0,0.0,0.0,ESCATRON 220,0,0,Subestación con espacio insuficiente o posibles restricciones para su ampliación. Dificultad para la conexión de una nueva posición o con coste muy elevado.,02 - Aragón,AZAILA,Teruel,Azaila,41.2865852633457,-0.49332346895819185
R1-299,44,44031,709908.34,4573602.31,19,45,0.0,0,0.0,0.0,,,ESCATRON 220,0,0,,02 - Aragón,AZAILA,Teruel,Azaila,41.2865852633457,-0.49332346895819185
R1-299,44,44031,709908.34,4573602.31,19,10,0.0,0,4.87,0.0,,,ESCATRON 220,0,0,,02 - Aragón,AZAILA,Teruel,Azaila,41.2865852633457,-0.49332346895819185
R1-299,44,44050,644427.51,4530824.6,12,132,0.0,0,60.85,0.0,1.0,0.0,CALAMOCHA 220,0,0,,02 - Aragón,CALAMOCHA,Teruel,Calamocha,40.915786313485775,-1.2849186451307113
R1-299,44,44050,644427.51,4530824.6,12,45,0.0,0,0.0,0.0,,,CALAMOCHA 220,0,0,Subestación con espacio insuficiente o posibles restricciones para su ampliación. Dificultad para la conexión de una nueva posición o con coste muy elevado.,02 - Aragón,CALAMOCHA,Teruel,Calamocha,40.915786313485775,-1.2849186451307113
R1-299,44,44050,644427.51,4530824.6,12,20,0.0,0,20.99,0.0,,,CALAMOCHA 220,0,0,,02 - Aragón,CALAMOCHA,Teruel,Calamocha,40.915786313485775,-1.2849186451307113
R1-299,44,44051,733356.79,4536956.78,131,45,0.0,0,0.0,0.0,,,HIJAR 220,0,0,,02 - Aragón,CALANDA,Teruel,Calanda,40.950434545663,-0.2275272454527977
R1-299,44,44051,733356.79,4536956.78,131,30,0.0,0,6.5,0.0,,,HIJAR 220,0,0,,02 - Aragón,CALANDA,Teruel,Calanda,40.950434545663,-0.2275272454527977
R1-299,44,44051,733356.79,4536956.78,131,10,0.0,0,2.23,0.0,,,HIJAR 220,0,0,,02 - Aragón,CALANDA,Teruel,Calanda,40.950434545663,-0.2275272454527977
R1-299,44,44238,679744.66,4520912.9,11014700,132,0.0,0,0.0,0.0,0.0,3.0,ESCUCHA 220,0,0,,02 - Aragón,CASTIN_ROS,Teruel,Utrillas,40.81956146380626,-0.8686404351003202
R1-299,44,44076,649153.01,4479911.04,18,132,0.0,0,0.0,0.0,0.0,2.0,PLATEA 400,0,0,,02 - Aragón,CELLA,Teruel,Cella,40.45648976138904,-1.2409274123489684
R1-299,44,44076,649153.01,4479911.04,18,45,0.0,0,24.9,0.0,,,PLATEA 400,0,0,,02 - Aragón,CELLA,Teruel,Cella,40.45648976138904,-1.2409274123489684
R1-299,44,44076,649153.01,4479911.04,18,20,0.0,0,4.71,0.0,,,PLATEA 400,0,0,,02 - Aragón,CELLA,Teruel,Cella,40.45648976138904,-1.2409274123489684
R1-299,44,44013,734050.12,4552090.88,15251050,132,0.0,0,44.0,0.0,0.0,2.0,HIJAR 220,0,0,,02 - Aragón,CIUD_MOTOR,Teruel,Alcañiz,41.08640620001966,-0.21356214530098358
R1-299,44,44013,734050.12,4552090.88,15251050,10,0.0,0,0.0,0.0,,,HIJAR 220,0,0,,02 - Aragón,CIUD_MOTOR,Teruel,Alcañiz,41.08640620001966,-0.21356214530098358
R1-299,44,44216,660182.41,4466479.02,11001398,45,0.0,0,0.0,0.0,,,PLATEA 400,0,0,,02 - Aragón,CNF_TERUEL,Teruel,Teruel,40.3334917195804,-1.1142923064642567
R1-299,44,44093,681568.21,4508266.35,15448882,132,0.0,0,41.25,0.0,0.0,0.0,ESCUCHA 220,0,0,,02 - Aragón,CUEVAS_ALM,Teruel,Cuevas de Almudén,40.70531268162313,-0.8507039200475442
R1-299,44,44216,661226.53,4467284.66,127,45,0.0,0,0.0,0.0,,,PLATEA 400,0,0,,02 - Aragón,EL_CERRO,Teruel,Teruel,40.34054496583284,-1.1018036814732608
R1-299,44,44216,661226.53,4467284.66,127,10,0.0,0,0.0,0.0,,,PLATEA 400,0,0,,02 - Aragón,EL_CERRO,Teruel,Teruel,40.34054496583284,-1.1018036814732608
R1-299,44,44099,685316.58,4518576.6,118,45,0.0,0,0.0,0.0,,,ESCUCHA 220,0,0,,02 - Aragón,ESCUCHA,Teruel,Escucha,40.7972911655466,-0.8033098131215823
R1-299,44,44099,685316.58,4518576.6,118,15,0.0,0,0.0,0.0,,,ESCUCHA 220,0,0,,02 - Aragón,ESCUCHA,Teruel,Escucha,40.7972911655466,-0.8033098131215823
R1-299,44,44099,684246.02,4518428.71,11000610,132,0.0,0,0.0,0.0,0.0,0.0,ESCUCHA 220,0,0,Subestación con espacio insuficiente o posibles restricciones para su ampliación. Dificultad para la conexión de una nueva posición o con coste muy elevado.,02 - Aragón,ESCUCHA_CT,Teruel,Escucha,40.796200696226315,-0.816034769794655
R1-299,44,44099,684246.02,4518428.71,11000610,45,0.0,0,0.0,0.0,,,ESCUCHA 220,0,0,,02 - Aragón,ESCUCHA_CT,Teruel,Escucha,40.796200696226315,-0.816034769794655
R1-299,44,44100,699652.28,4525662.07,119,45,0.0,0,0.0,0.0,,,HIJAR 220,0,0,,02 - Aragón,ESTERCUEL,Teruel,Estercuel,40.857706946550586,-0.6312422248991917
R1-299,44,44100,699652.28,4525662.07,119,15,0.0,0,0.26,0.0,,,HIJAR 220,0,0,,02 - Aragón,ESTERCUEL,Teruel,Estercuel,40.857706946550586,-0.6312422248991917
R1-299,44,44216,661814.85,4465419.43,11015579,45,0.0,0,0.0,0.0,,,PLATEA 400,0,0,,02 - Aragón,FUENFRESCA,Teruel,Teruel,40.323636028538225,-1.0953531341068372
R1-299,44,44216,661814.85,4465419.43,11015579,10,0.0,0,0.1,0.0,,,PLATEA 400,0,0,,02 - Aragón,FUENFRESCA,Teruel,Teruel,40.323636028538225,-1.0953531341068372
R1-299,44,44122,716563.85,4561088.33,15258322,132,0.0,0,82.5,0.0,1.0,0.0,HIJAR 220,0,0,,02 - Aragón,HIJAR,Teruel,Híjar,41.17221824210077,-0.41835765568785466
R1-299,44,44022,709620.95,4542491.66,16,132,0.0,0,0.0,0.0,0.0,0.0,HIJAR 220,0,0,,02 - Aragón,L_OPORTUNA,Teruel,Alloza,41.00668176593868,-0.5073841772726162
R1-299,44,44022,709620.95,4542491.66,16,45,0.0,0,20.0,0.0,,,HIJAR 220,0,0,,02 - Aragón,L_OPORTUNA,Teruel,Alloza,41.00668176593868,-0.5073841772726162
R1-299,44,44022,709620.95,4542491.66,16,30,0.0,0,0.17,0.0,,,HIJAR 220,0,0,,02 - Aragón,L_OPORTUNA,Teruel,Alloza,41.00668176593868,-0.5073841772726162
R1-299,44,44122,708897.11,4564883.46,110,10,0.0,0,0.0,0.0,,,ESCATRON 220,0,0,,02 - Aragón,LA_CULTIA,Teruel,Híjar,41.2083838996496,-0.5083728000275781
R1-299,44,44191,714141.48,4566750.42,17,45,0.0,0,0.0,0.0,,,ESCATRON 220,0,0,,02 - Aragón,LA_PUEBLA,Teruel,"Puebla de Híjar, La",41.223814613586796,-0.4452251520047561
R1-299,44,44191,714141.48,4566750.42,17,15,0.0,0,4.35,0.0,,,ESCATRON 220,0,0,,02 - Aragón,LA_PUEBLA,Teruel,"Puebla de Híjar, La",41.223814613586796,-0.4452251520047561
R1-299,44,44013,743810.7,4545483.17,122,45,0.0,0,6.27,0.0,,,HIJAR 220,0,0,,02 - Aragón,LAS_HORCAS,Teruel,Alcañiz,41.0240919491533,-0.10011302309461073
R1-299,44,44013,743810.7,4545483.17,122,10,0.0,0,0.33,0.0,,,HIJAR 220,0,0,,02 - Aragón,LAS_HORCAS,Teruel,Alcañiz,41.0240919491533,-0.10011302309461073
R1-299,44,44025,711926.73,4546625.77,15459032,132,0.0,0,40.0,0.0,0.0,0.0,HIJAR 220,0,0,,02 - Aragón,LOS_ARCOS,Teruel,Andorra,41.04329056504937,-0.47857161120225766
R1-299,44,44171,699955.12,4444784.61,136,20,10.39,0,1.5,0.0,,,A determinar,0,0,"Nudo de afección mayoritaria de la red de transporte a definir por el gestor de distribución de la red de AT (i-DE, Redes Eléctricas Inteligentes).",02 - Aragón,LS_VILNVAS,Teruel,Olba,40.12962466140537,-0.653168293776367
R1-299,44,44144,677066.04,4523396.61,128,45,0.0,0,0.0,0.0,,,ESCUCHA 220,0,0,,02 - Aragón,MARTIN_RIO,Teruel,Martín del Río,40.84250318089424,-0.8996764931858019
R1-299,44,44144,677066.04,4523396.61,128,15,0.0,0,2.71,0.0,,,ESCUCHA 220,0,0,,02 - Aragón,MARTIN_RIO,Teruel,Martín del Río,40.84250318089424,-0.8996764931858019
R1-299,44,44013,740719.69,4548634.67,123,45,0.0,0,0.0,0.0,,,HIJAR 220,0,0,,02 - Aragón,MOLI_MAYOR,Teruel,Alcañiz,41.05336447381511,-0.13560342953017415
R1-299,44,44013,740719.69,4548634.67,123,10,0.0,0,0.36,0.0,,,HIJAR 220,0,0,,02 - Aragón,MOLI_MAYOR,Teruel,Alcañiz,41.05336447381511,-0.13560342953017415
R1-299,44,44153,639773.28,4515585.84,14,45,0.0,0,0.0,0.0,,,CALAMOCHA 220,0,0,,02 - Aragón,MONREAL,Teruel,Monreal del Campo,40.77937453298171,-1.343586641721983
R1-299,44,44153,639773.28,4515585.84,14,20,0.0,0,12.19,0.0,,,CALAMOCHA 220,0,0,,02 - Aragón,MONREAL,Teruel,Monreal del Campo,40.77937453298171,-1.343586641721983
R1-299,44,44192,671658.59,4461778.55,15142820,132,0.0,0,50.0,0.0,0.0,3.0,PLATEA 400,0,0,,02 - Aragón,P_ESCANDON,Teruel,"Puebla de Valverde, La",40.288889276632446,-0.9805302417731225
R1-299,44,44025,718999.51,4541248.54,15165636,132,0.0,0,0.0,0.0,0.0,1.0,HIJAR 220,0,0,,02 - Aragón,PEAN,Teruel,Andorra,40.99303037531384,-0.396411311149634
R1-299,44,44025,718999.51,4541248.54,15165636,15,0.0,0,0.0,0.0,,,HIJAR 220,0,0,,02 - Aragón,PEAN,Teruel,Andorra,40.99303037531384,-0.396411311149634
R1-299,44,44025,714559.82,4540302.53,11026720,45,0.0,0,0.0,0.0,,,HIJAR 220,0,0,,02 - Aragón,PI.ANDORRA,Teruel,Andorra,40.98569661782038,-0.44947066247443856
R1-299,44,44025,714559.82,4540302.53,11026720,15,0.0,0,0.64,0.0,,,HIJAR 220,0,0,,02 - Aragón,PI.ANDORRA,Teruel,Andorra,40.98569661782038,-0.44947066247443856
R1-299,44,44216,656195.75,4471113.11,15186189,132,0.0,0,0.0,0.0,1.0,0.0,PLATEA 400,0,0,,02 - Aragón,PLATEA,Teruel,Teruel,40.37597527699956,-1.160066848456821
R1-299,44,44216,656195.75,4471113.11,15186189,20,0.0,0,2.95,0.0,,,PLATEA 400,0,0,,02 - Aragón,PLATEA,Teruel,Teruel,40.37597527699956,-1.160066848456821
R1-299,44,44192,676622.4,4454045.76,15058617,132,0.0,0,0.0,0.0,0.0,3.0,PLATEA 400,0,0,,02 - Aragón,PUEBLA_VAL,Teruel,"Puebla de Valverde, La",40.218233516947215,-0.9242987288707177
R1-299,44,44192,676622.4,4454045.76,15058617,20,0.0,0,10.85,0.0,,,PLATEA 400,0,0,,02 - Aragón,PUEBLA_VAL,Teruel,"Puebla de Valverde, La",40.218233516947215,-0.9242987288707177
R1-299,44,44013,734808.74,4542359.75,11031736,45,0.0,0,0.0,0.0,,,HIJAR 220,0,0,,02 - Aragón,R_MONTORO,Teruel,Alcañiz,40.998632223647036,-0.20824609315309367
R1-299,44,44013,734808.74,4542359.75,11031736,15,0.0,0,0.0,0.0,,,HIJAR 220,0,0,,02 - Aragón,R_MONTORO,Teruel,Alcañiz,40.998632223647036,-0.20824609315309367
R1-299,44,44209,641157.08,4490691.97,15277350,132,0.0,0,16.0,0.0,1.0,2.0,PLATEA 400,0,0,,02 - Aragón,ST_EULALIA,Teruel,Santa Eulalia,40.554970560912814,-1.3327876255793032
R1-299,44,44209,641157.08,4490691.97,15277350,20,0.0,0,7.37,0.0,,,PLATEA 400,0,0,,02 - Aragón,ST_EULALIA,Teruel,Santa Eulalia,40.554970560912814,-1.3327876255793032
R1-299,44,44216,661104.73,4468798.53,126,132,0.0,0,0.0,0.0,0.0,0.0,PLATEA 400,0,0,,02 - Aragón,TERUEL,Teruel,Teruel,40.354199843955456,-1.1028549207415077
R1-299,44,44216,661104.73,4468798.53,126,45,0.0,0,0.0,0.0,,,PLATEA 400,0,0,,02 - Aragón,TERUEL,Teruel,Teruel,40.354199843955456,-1.1028549207415077
R1-299,44,44216,661104.73,4468798.53,126,20,0.0,0,1.16,0.0,,,PLATEA 400,0,0,,02 - Aragón,TERUEL,Teruel,Teruel,40.354199843955456,-1.1028549207415077
R1-299,44,44216,661104.73,4468798.53,126,10,0.0,0,0.0,0.0,,,PLATEA 400,0,0,,02 - Aragón,TERUEL,Teruel,Teruel,40.354199843955456,-1.1028549207415077
R1-299,44,44153,639873.12,4515394.42,11058516,132,0.0,0,0.0,0.0,0.0,2.0,CALAMOCHA 220,0,0,,02 - Aragón,TOLLO,Teruel,Monreal del Campo,40.777633845696734,-1.3424467955206538
R1-299,44,44238,679681.05,4520849.3,115,45,0.0,0,0.0,0.0,,,ESCUCHA 220,0,0,,02 - Aragón,UTRILLAS,Teruel,Utrillas,40.819002847148255,-0.8694125346661667
R1-299,44,44238,679681.05,4520849.3,115,15,0.0,0,0.1,0.0,,,ESCUCHA 220,0,0,,02 - Aragón,UTRILLAS,Teruel,Utrillas,40.819002847148255,-0.8694125346661667
R1-299,44,44246,766444.91,4530377.02,12129006,132,0.0,0,0.0,0.0,0.0,1.0,HIJAR 220,0,0,,02 - Aragón,VALDERROBR,Teruel,Valderrobres,40.881135296920014,0.16222642268469953
R1-299,44,44246,766444.91,4530377.02,12129006,25,0.0,0,3.82,0.0,,,HIJAR 220,0,0,,02 - Aragón,VALDERROBR,Teruel,Valderrobres,40.881135296920014,0.16222642268469953
R1-299,44,44010,693104.55,4444486.2,15137684,132,0.0,0,0.0,0.0,0.0,4.0,PLATEA 400,0,0,,02 - Aragón,VENTA-AIRE,Teruel,Albentosa,40.128539319091104,-0.7336007763383001
R1-299,44,44010,693104.55,4444486.2,15137684,20,0.0,0,7.36,0.0,,,PLATEA 400,0,0,,02 - Aragón,VENTA-AIRE,Teruel,Albentosa,40.128539319091104,-0.7336007763383001
R1-299,44,44264,654502.12,4456080.56,134,45,0.0,0,0.0,0.0,,,PLATEA 400,0,0,,02 - Aragón,VILLEL,Teruel,Villel,40.24092618610408,-1.1836386508078816
R1-299,44,44264,654502.12,4456080.56,134,20,0.0,0,1.4,0.0,,,PLATEA 400,0,0,,02 - Aragón,VILLEL,Teruel,Villel,40.24092618610408,-1.1836386508078816
R1-299,44,44265,700019.82,4575515.02,15207994,45,0.0,0,7.99,0.0,,,FUENDETODOS 220,0,0,,02 - Aragón,VINACEITE,Teruel,Vinaceite,41.306309612379486,-0.6106805989024057
R1-299,50,50297,675798.19,4615124.79,15061865,45,0.0,0,0.0,0.0,,,LOS LEONES 220,0,0,,02 - Aragón,ACTUR,Zaragoza,Zaragoza,41.66849322903902,-0.8882668541453232
R1-299,50,50297,675798.19,4615124.79,15061865,10,0.0,0,0.08,0.0,,,LOS LEONES 220,0,0,,02 - Aragón,ACTUR,Zaragoza,Zaragoza,41.66849322903902,-0.8882668541453232
R1-299,50,50018,647164.08,4589462.51,15154803,45,0.0,0,0.0,0.0,,,LOS VIENTOS 220,0,0,,02 - Aragón,ALFAMEN,Zaragoza,Alfamén,41.443258138713844,-1.2383415563887679
R1-299,50,50018,647164.08,4589462.51,15154803,15,0.0,0,13.09,0.0,,,LOS VIENTOS 220,0,0,,02 - Aragón,ALFAMEN,Zaragoza,Alfamén,41.443258138713844,-1.2383415563887679
R1-299,50,50020,592203.81,4571605.05,1250013,45,0.0,0,0.0,0.0,,,CALAMOCHA 220,0,0,,02 - Aragón,ALHAMA,Zaragoza,Alhama de Aragón,41.290627880606884,-1.8988184236426435
R1-299,50,50020,592203.81,4571605.05,1250013,15,0.0,0,7.85,0.0,,,CALAMOCHA 220,0,0,,02 - Aragón,ALHAMA,Zaragoza,Alhama de Aragón,41.290627880606884,-1.8988184236426435
R1-299,50,50297,680351.06,4608489.81,11005988,45,0.0,0,0.0,0.0,,,MONTETORRERO 220,0,0,,02 - Aragón,ALUMALSA,Zaragoza,Zaragoza,41.60775555709816,-0.8356137176801874
R1-299,50,50297,674138.69,4611924.98,15164676,45,0.0,0,0.0,0.0,,,MONTETORRERO 220,0,0,,02 - Aragón,ARAGONIA,Zaragoza,Zaragoza,41.64005555165961,-0.9091204347950317
R1-299,50,50297,674138.69,4611924.98,15164676,10,0.0,0,0.1,0.0,,,MONTETORRERO 220,0,0,,02 - Aragón,ARAGONIA,Zaragoza,Zaragoza,41.64005555165961,-0.9091204347950317
R1-299,50,50297,669545.88,4611392.85,15254055,132,0.0,0,0.0,0.0,0.0,2.0,PLAZA 220,0,0,Subestación con espacio insuficiente o posibles restricciones para su ampliación. Dificultad para la conexión de una nueva posición o con coste muy elevado.,02 - Aragón,ARCOSUR,Zaragoza,Zaragoza,41.636255224812714,-0.9643830544143009
R1-299,50,50297,669545.88,4611392.85,15254055,15,0.0,0,10.0,0.0,,,PLAZA 220,0,0,,02 - Aragón,ARCOSUR,Zaragoza,Zaragoza,41.636255224812714,-0.9643830544143009
R1-299,50,50034,579952.94,4574078.22,1250030,45,0.0,0,0.0,0.0,,,ALMAZAN 400,0,0,,02 - Aragón,ARIZA,Zaragoza,Ariza,41.31420903444295,-2.0447834478318208
R1-299,50,50034,579952.94,4574078.22,1250030,15,0.0,0,6.26,0.0,,,ALMAZAN 400,0,0,,02 - Aragón,ARIZA,Zaragoza,Ariza,41.31420903444295,-2.0447834478318208
R1-299,50,50038,601122.39,4575467.55,1250042,45,0.0,0,0.0,0.0,,,CALAMOCHA 220,0,0,,02 - Aragón,ATECA,Zaragoza,Ateca,41.324344553119495,-1.7916842190368747
R1-299,50,50038,601122.39,4575467.55,1250042,15,0.0,0,2.36,0.0,,,CALAMOCHA 220,0,0,,02 - Aragón,ATECA,Zaragoza,Ateca,41.324344553119495,-1.7916842190368747
R1-299,50,50297,673503.41,4613993.41,1750008,45,0.0,0,0.0,0.0,,,MONTETORRERO 220,0,0,,02 - Aragón,AUGUSTA,Zaragoza,Zaragoza,41.658812475055676,-0.9161431903675918
R1-299,50,50297,673503.41,4613993.41,1750008,15,0.0,0,0.35,0.0,,,MONTETORRERO 220,0,0,,02 - Aragón,AUGUSTA,Zaragoza,Zaragoza,41.658812475055676,-0.9161431903675918
R1-299,50,50297,673503.41,4613993.41,1750008,10,0.0,0,0.04,0.0,,,MONTETORRERO 220,0,0,,02 - Aragón,AUGUSTA,Zaragoza,Zaragoza,41.658812475055676,-0.9161431903675918
R1-299,50,50297,661418.22,4616408.1,11007480,45,0.0,0,0.0,0.0,,,ENTRERRIOS 220,0,0,,02 - Aragón,BASE_AEREA,Zaragoza,Zaragoza,41.683089040569016,-1.0605563539067997
R1-299,50,50045,688299.62,4574395.53,1250066,45,0.0,0,0.0,0.0,,,FUENDETODOS 220,0,0,,02 - Aragón,BELCHITE,Zaragoza,Belchite,41.2990535858157,-0.7509230143001986
R1-299,50,50045,688299.62,4574395.53,1250066,15,0.0,0,7.14,0.0,,,FUENDETODOS 220,0,0,,02 - Aragón,BELCHITE,Zaragoza,Belchite,41.2990535858157,-0.7509230143001986
R1-299,50,50011,623367.38,4632084.8,1250031,45,0.0,0,8.0,0.0,,,ENTRERRIOS 220,0,0,,02 - Aragón,BORJA,Zaragoza,Albeta,41.83104779936619,-1.514315070185695
R1-299,50,50011,623367.38,4632084.8,1250031,15,0.0,0,5.94,0.0,,,ENTRERRIOS 220,0,0,,02 - Aragón,BORJA,Zaragoza,Albeta,41.83104779936619,-1.514315070185695
R1-299,50,50056,663458.48,4598244.56,15468122,132,0.0,0,120.0,0.0,0.0,0.0,MONTETORRERO 220,0,0,,02 - Aragón,BOTORRITA,Zaragoza,Botorrita,41.5191645245914,-1.041009554665066
R1-299,50,50067,613606.12,4576461.09,1250011,132,0.0,0,40.7,0.0,0.0,0.0,CALAMOCHA 220,0,0,,02 - Aragón,CALATAYUD,Zaragoza,Calatayud,41.33162917147743,-1.6423677845769307
R1-299,50,50067,613606.12,4576461.09,1250011,45,0.0,0,0.0,0.0,,,CALAMOCHA 220,0,0,,02 - Aragón,CALATAYUD,Zaragoza,Calatayud,41.33162917147743,-1.6423677845769307
R1-299,50,50067,613606.12,4576461.09,1250011,15,0.0,0,2.32,0.0,,,CALAMOCHA 220,0,0,,02 - Aragón,CALATAYUD,Zaragoza,Calatayud,41.33162917147743,-1.6423677845769307
R1-299,50,50297,669480.19,4609076.5,15477826,132,0.0,0,50.0,0.0,0.0,1.0,PLAZA 220,0,0,,02 - Aragón,CAMPILLO,Zaragoza,Zaragoza,41.61541840704513,-0.9658270197719809
R1-299,50,50073,647738.04,4578976.74,1250044,45,0.0,0,0.0,0.0,,,LOS VIENTOS 220,0,0,,02 - Aragón,CARIÑENA,Zaragoza,Cariñena,41.34874595196994,-1.2340319308940482
R1-299,50,50073,647738.04,4578976.74,1250044,15,0.0,0,21.11,0.0,,,LOS VIENTOS 220,0,0,,02 - Aragón,CARIÑENA,Zaragoza,Cariñena,41.34874595196994,-1.2340319308940482
R1-299,50,50297,679853.58,4606503.41,15110952,45,0.0,0,103.65,0.0,,,CARTUJOS 220,0,0,,02 - Aragón,CARTUJOS,Zaragoza,Zaragoza,41.58998839539165,-0.8421758092438595
R1-299,50,50297,679853.58,4606503.41,15110952,15,0.0,0,5.92,0.0,,,CARTUJOS 220,0,0,,02 - Aragón,CARTUJOS,Zaragoza,Zaragoza,41.58998839539165,-0.8421758092438595
R1-299,50,50297,673921.32,4610305.95,11040089,132,0.0,0,0.0,0.0,0.0,3.0,MONTETORRERO 220,0,0,,02 - Aragón,CASABLANCA,Zaragoza,Zaragoza,41.625529688418204,-0.9121992349336827
R1-299,50,50297,673921.32,4610305.95,11040089,45,0.0,0,0.0,0.0,,,PLAZA 220,0,0,,02 - Aragón,CASABLANCA,Zaragoza,Zaragoza,41.625529688418204,-0.9121992349336827
R1-299,50,50297,673921.32,4610305.95,11040089,10,0.0,0,2.27,0.0,,,PLAZA 220,0,0,,02 - Aragón,CASABLANCA,Zaragoza,Zaragoza,41.625529688418204,-0.9121992349336827
R1-299,50,50074,746491.31,4570271.01,12089386,132,0.0,0,0.0,0.0,2.0,0.0,ESCATRON 220,0,0,,02 - Aragón,CASPE,Zaragoza,Caspe,41.24628137483429,-0.05831572738935487
R1-299,50,50074,746491.31,4570271.01,12089386,66,9.15,0,0.0,0.0,,,MEQUINENZA 220,0,0,,02 - Aragón,CASPE,Zaragoza,Caspe,41.24628137483429,-0.05831572738935487
R1-299,50,50074,746491.31,4570271.01,12089386,25,3.63,0,19.65,0.0,,,MEQUINENZA 220 / ESCATRON 220,0,0,,02 - Aragón,CASPE,Zaragoza,Caspe,41.24628137483429,-0.05831572738935487
R1-299,50,50182,659418.75,4608008.88,15112412,132,0.0,0,50.0,0.0,1.0,2.0,LOS VIENTOS 220,0,0,,02 - Aragón,CENTROVIA,Zaragoza,"Muela, La",41.607880503364164,-1.0868059613361285
R1-299,50,50182,659418.75,4608008.88,15112412,15,0.0,0,0.8,0.0,,,LOS VIENTOS 220,0,0,,02 - Aragón,CENTROVIA,Zaragoza,"Muela, La",41.607880503364164,-1.0868059613361285
R1-299,50,50045,687529.65,4583333.22,15303758,132,0.0,0,0.0,0.0,0.0,6.0,FUENDETODOS 220,0,0,,02 - Aragón,CLARIANA,Zaragoza,Belchite,41.37967922586316,-0.7573535292898014
R1-299,50,50045,687529.65,4583333.22,15303758,45,0.0,0,0.0,0.0,,,FUENDETODOS 220,0,0,,02 - Aragón,CLARIANA,Zaragoza,Belchite,41.37967922586316,-0.7573535292898014
R1-299,50,50297,677904.96,4615271.88,1750011,45,0.0,0,0.0,0.0,,,LOS LEONES 220,0,0,,02 - Aragón,COGULLADA,Zaragoza,Zaragoza,41.66934952555408,-0.8629328317933892
R1-299,50,50297,677904.96,4615271.88,1750011,10,0.0,0,0.3,0.0,,,LOS LEONES 220,0,0,,02 - Aragón,COGULLADA,Zaragoza,Zaragoza,41.66934952555408,-0.8629328317933892
R1-299,50,50297,676180.24,4612543.43,11007603,45,0.0,0,0.0,0.0,,,MONTETORRERO 220,0,0,,02 - Aragón,COR_INGLES,Zaragoza,Zaragoza,41.64517387742751,-0.884441420740701
R1-299,50,50297,670914.86,4612116.29,1750021,45,0.0,0,0.0,0.0,,,PLAZA 220,0,0,,02 - Aragón,CR_MADRID,Zaragoza,Zaragoza,41.64247505335176,-0.9477501118241985
R1-299,50,50297,670914.86,4612116.29,1750021,15,0.0,0,4.72,0.0,,,PLAZA 220,0,0,,02 - Aragón,CR_MADRID,Zaragoza,Zaragoza,41.64247505335176,-0.9477501118241985
R1-299,50,50297,671811.52,4607198.02,15021801,45,0.0,0,0.0,0.0,,,PLAZA 220,0,0,,02 - Aragón,CUARTE,Zaragoza,Zaragoza,41.59801095734869,-0.9384013034249589
R1-299,50,50297,671811.52,4607198.02,15021801,15,0.0,0,0.27,0.0,,,PLAZA 220,0,0,,02 - Aragón,CUARTE,Zaragoza,Zaragoza,41.59801095734869,-0.9384013034249589
R1-299,50,50297,682374.11,4608685.24,11005915,45,0.0,0,0.0,0.0,,,MONTETORRERO 220,0,0,,02 - Aragón,D_CARTUJA,Zaragoza,Zaragoza,41.60905502703344,-0.8112926370916929
R1-299,50,50094,634940.32,4553554.36,1250051,45,0.0,0,0.0,0.0,,,CALAMOCHA 220,0,0,,02 - Aragón,DAROCA,Zaragoza,Daroca,41.12208054950238,-1.392566252125179
R1-299,50,50094,634940.32,4553554.36,1250051,15,0.0,0,3.4,0.0,,,CALAMOCHA 220,0,0,,02 - Aragón,DAROCA,Zaragoza,Daroca,41.12208054950238,-1.392566252125179
R1-299,50,50297,672400.64,4609339.78,15106679,132,0.0,0,0.0,0.0,0.0,2.0,MONTETORRERO 220,0,0,,02 - Aragón,ECOCIUDAD,Zaragoza,Zaragoza,41.61716284803731,-0.9307205688520264
R1-299,50,50297,672400.64,4609339.78,15106679,15,0.0,0,6.72,0.0,,,MONTETORRERO 220,0,0,,02 - Aragón,ECOCIUDAD,Zaragoza,Zaragoza,41.61716284803731,-0.9307205688520264
R1-299,50,50095,653105.97,4663542.78,1250038,66,0.0,0,0.0,0.0,,,MAGALLON 220,0,0,,02 - Aragón,EJEA,Zaragoza,Ejea de los Caballeros,42.109044085981374,-1.148155578816481
R1-299,50,50095,653105.97,4663542.78,1250038,13,0.0,0,25.2,0.0,,,MAGALLON 220,0,0,,02 - Aragón,EJEA,Zaragoza,Ejea de los Caballeros,42.109044085981374,-1.148155578816481
R1-299,50,50062,689260.79,4603759.74,1250057,45,0.0,0,11.0,0.0,,,MONTETORRERO 220,0,0,Subestación con espacio insuficiente o posibles restricciones para su ampliación. Dificultad para la conexión de una nueva posición o con coste muy elevado.,02 - Aragón,EL_BURGO,Zaragoza,"Burgo de Ebro, El",41.56312161900563,-0.7302594384717195
R1-299,50,50062,689260.79,4603759.74,1250057,10,0.0,0,0.04,0.0,,,MONTETORRERO 220,0,0,Subestación con espacio insuficiente o posibles restricciones para su ampliación. Dificultad para la conexión de una nueva posición o con coste muy elevado.,02 - Aragón,EL_BURGO,Zaragoza,"Burgo de Ebro, El",41.56312161900563,-0.7302594384717195
R1-299,50,50110,624740.09,4587532.99,1250053,45,0.0,0,0.0,0.0,,,LOS VIENTOS 220,0,0,,02 - Aragón,EL_FRASNO,Zaragoza,"Frasno, El",41.42968090172821,-1.507075516514131
R1-299,50,50110,624740.09,4587532.99,1250053,15,0.0,0,0.07,0.0,,,LOS VIENTOS 220,0,0,,02 - Aragón,EL_FRASNO,Zaragoza,"Frasno, El",41.42968090172821,-1.507075516514131
R1-299,50,50297,675556.96,4614142.91,1750010,45,0.0,0,0.0,0.0,,,LOS LEONES 220,0,0,,02 - Aragón,ELEV_AGUAS,Zaragoza,Zaragoza,41.65970843660869,-0.8914511665829166
R1-299,50,50297,675556.96,4614142.91,1750010,10,0.0,0,0.07,0.0,,,LOS LEONES 220,0,0,,02 - Aragón,ELEV_AGUAS,Zaragoza,Zaragoza,41.65970843660869,-0.8914511665829166
R1-299,50,50067,616185.98,4584217.57,11004432,45,0.0,0,3.2,0.0,,,CALAMOCHA 220,0,0,,02 - Aragón,EMBID,Zaragoza,Calatayud,41.40110861597799,-1.610060237418796
R1-299,50,50204,650759.35,4623457.15,11007127,45,0.0,0,48.0,0.0,,,ENTRERRIOS 220,0,0,Subestación con espacio insuficiente o posibles restricciones para su ampliación. Dificultad para la conexión de una nueva posición o con coste muy elevado.,02 - Aragón,ENTRERRIOS,Zaragoza,Pedrola,41.748638296710865,-1.1867757053938692
R1-299,50,50101,722562.06,4574945.12,11003292,132,0.0,0,123.75,0.0,2.0,1.0,ESCATRON 220,0,0,,02 - Aragón,ESCATRON,Zaragoza,Escatrón,41.29527979882793,-0.3418763274985145
R1-299,50,50101,722562.06,4574945.12,11003292,110,0.0,0,0.0,0.0,0.0,1.0,ESCATRON 220,0,0,,02 - Aragón,ESCATRON,Zaragoza,Escatrón,41.29527979882793,-0.3418763274985145
R1-299,50,50101,722562.06,4574945.12,11003292,25,0.0,0,1.59,0.0,,,ESCATRON 220,0,0,,02 - Aragón,ESCATRON,Zaragoza,Escatrón,41.29527979882793,-0.3418763274985145
R1-299,50,50062,693600.8,4601646.68,11005820,45,0.0,0,56.0,0.0,,,ESPARTAL 220,0,0,,02 - Aragón,ESPARTAL,Zaragoza,"Burgo de Ebro, El",41.54306525497895,-0.6789325577539029
R1-299,50,50062,693600.8,4601646.68,11005820,15,0.0,0,30.99,0.0,,,ESPARTAL 220,0,0,,02 - Aragón,ESPARTAL,Zaragoza,"Burgo de Ebro, El",41.54306525497895,-0.6789325577539029
R1-299,50,50297,674847.17,4615959.66,15159378,132,0.0,0,0.0,0.0,0.0,2.0,LOS LEONES 220,0,0,,02 - Aragón,EXPO,Zaragoza,Zaragoza,41.676217272806895,-0.8994389370394116
R1-299,50,50297,674847.17,4615959.66,15159378,15,0.0,0,0.1,0.0,,,LOS LEONES 220,0,0,,02 - Aragón,EXPO,Zaragoza,Zaragoza,41.676217272806895,-0.8994389370394116
R1-299,50,50297,668182.65,4610245.2,1750020,45,0.0,0,0.0,0.0,,,PLAZA 220,0,0,,02 - Aragón,F_MUESTRAS,Zaragoza,Zaragoza,41.626213108201114,-0.9810630672229584
R1-299,50,50297,668182.65,4610245.2,1750020,15,0.0,0,0.1,0.0,,,PLAZA 220,0,0,,02 - Aragón,F_MUESTRAS,Zaragoza,Zaragoza,41.626213108201114,-0.9810630672229584
R1-299,50,50107,652621.48,4625025.94,1250034,45,0.0,0,47.37,0.0,,,ENTRERRIOS 220,0,0,,02 - Aragón,FIGUERUELA,Zaragoza,Figueruelas,41.76240564921861,-1.1639877754336763
R1-299,50,50107,652621.48,4625025.94,1250034,15,0.0,0,13.7,0.0,,,ENTRERRIOS 220,0,0,,02 - Aragón,FIGUERUELA,Zaragoza,Figueruelas,41.76240564921861,-1.1639877754336763
R1-299,50,50114,669169.47,4578169.79,15017136,132,0.0,0,50.0,0.0,0.0,1.0,FUENDETODOS 220,0,0,,02 - Aragón,FUENDETODO,Zaragoza,Fuendetodos,41.337266812967606,-0.9782221002137934
R1-299,50,50115,697248.55,4598136.15,1250045,45,0.0,0,36.4,0.0,,,ESPARTAL 220,0,0,,02 - Aragón,FUENTES,Zaragoza,Fuentes de Ebro,41.51058066109245,-0.6363861509832931
R1-299,50,50115,697248.55,4598136.15,1250045,10,0.0,0,7.51,0.0,,,ESPARTAL 220,0,0,,02 - Aragón,FUENTES,Zaragoza,Fuentes de Ebro,41.51058066109245,-0.6363861509832931
R1-299,50,50297,679036.22,4616196.78,1750004,45,0.0,0,44.42,0.0,,,PEÑAFLOR 220,0,0,,02 - Aragón,GALLEGO,Zaragoza,Zaragoza,41.67742097081792,-0.8490756050478385
R1-299,50,50297,679036.22,4616196.78,1750004,10,0.0,0,0.1,0.0,,,PEÑAFLOR 220,0,0,,02 - Aragón,GALLEGO,Zaragoza,Zaragoza,41.67742097081792,-0.8490756050478385
R1-299,50,50118,639790.57,4635744.18,1250035,66,4.76,0,0.0,0.0,,,MAGALLON 220,0,0,,02 - Aragón,GALLUR,Zaragoza,Gallur,41.8612653265555,-1.315747821163247
R1-299,50,50118,639790.57,4635744.18,1250035,13,3.78,0,10.22,0.0,,,MAGALLON 220,0,0,,02 - Aragón,GALLUR,Zaragoza,Gallur,41.8612653265555,-1.315747821163247
R1-299,50,50119,711857.94,4589318.1,11006131,45,0.0,0,15.44,0.0,,,ESPARTAL 220,0,0,,02 - Aragón,GELSA,Zaragoza,Gelsa,41.42750034134211,-0.46457763857389317
R1-299,50,50119,711857.94,4589318.1,11006131,15,0.0,0,0.0,0.0,,,ESPARTAL 220,0,0,,02 - Aragón,GELSA,Zaragoza,Gelsa,41.42750034134211,-0.46457763857389317
R1-299,50,50297,683084.63,4614722.97,1750026,45,0.0,0,0.0,0.0,,,PEÑAFLOR 220,0,0,,02 - Aragón,GLORIA,Zaragoza,Zaragoza,41.66323559188991,-0.8009242191079713
R1-299,50,50297,683084.63,4614722.97,1750026,15,0.0,0,4.06,0.0,,,PEÑAFLOR 220,0,0,,02 - Aragón,GLORIA,Zaragoza,Zaragoza,41.66323559188991,-0.8009242191079713
R1-299,50,50297,683084.63,4614722.97,1750026,10,0.0,0,0.04,0.0,,,PEÑAFLOR 220,0,0,,02 - Aragón,GLORIA,Zaragoza,Zaragoza,41.66323559188991,-0.8009242191079713
R1-299,50,50297,674969.71,4611528.7,15107012,45,0.0,0,0.0,0.0,,,MONTETORRERO 220,0,0,,02 - Aragón,H_M_SERVET,Zaragoza,Zaragoza,41.6363066780342,-0.8992647242131598
R1-299,50,50062,693384.38,4600802.5,15483516,45,0.0,0,0.0,0.0,,,ESPARTAL 220,0,0,,02 - Aragón,HIGUERAL,Zaragoza,"Burgo de Ebro, El",41.53551995934507,-0.6817966431739737
R1-299,50,50297,677161.11,4612903.45,1750017,45,0.0,0,0.0,0.0,,,MONTETORRERO 220,0,0,,02 - Aragón,HUERVA,Zaragoza,Zaragoza,41.648197089743796,-0.8725643531727139
R1-299,50,50297,677161.11,4612903.45,1750017,10,0.0,0,0.0,0.0,,,MONTETORRERO 220,0,0,,02 - Aragón,HUERVA,Zaragoza,Zaragoza,41.648197089743796,-0.8725643531727139
R1-299,50,50297,676186.53,4612774.65,11007554,45,0.0,0,0.0,0.0,,,MONTETORRERO 220,0,0,,02 - Aragón,IBERCAJA,Zaragoza,Zaragoza,41.64725371538833,-0.8842978238875419
R1-299,50,50126,615262.18,4598672.05,1250047,45,0.0,0,0.0,0.0,,,LOS VIENTOS 220,0,0,,02 - Aragón,ILLUECA,Zaragoza,Illueca,41.53140254552364,-1.6183476615199144
R1-299,50,50126,615262.18,4598672.05,1250047,15,0.0,0,10.05,0.0,,,LOS VIENTOS 220,0,0,,02 - Aragón,ILLUECA,Zaragoza,Illueca,41.53140254552364,-1.6183476615199144
R1-299,50,50297,679923.12,4615696.05,1750013,45,0.0,0,0.0,0.0,,,PEÑAFLOR 220,0,0,,02 - Aragón,JARANDIN,Zaragoza,Zaragoza,41.67271416601293,-0.8385786132995414
R1-299,50,50297,679923.12,4615696.05,1750013,10,0.0,0,0.0,0.0,,,PEÑAFLOR 220,0,0,Subestación con espacio insuficiente o posibles restricciones para su ampliación. Dificultad para la conexión de una nueva posición o con coste muy elevado.,02 - Aragón,JARANDIN,Zaragoza,Zaragoza,41.67271416601293,-0.8385786132995414
R1-299,50,50297,675266.43,4617981.33,1750007,45,0.0,0,0.0,0.0,,,LOS LEONES 220,0,0,,02 - Aragón,JUSLIBOL,Zaragoza,Zaragoza,41.69432231394432,-0.8938117071160148
R1-299,50,50297,675266.43,4617981.33,1750007,15,0.0,0,0.46,0.0,,,LOS LEONES 220,0,0,,02 - Aragón,JUSLIBOL,Zaragoza,Zaragoza,41.69432231394432,-0.8938117071160148
R1-299,50,50025,636994.39,4594597.52,1250016,132,0.0,0,41.25,0.0,0.0,0.0,LOS VIENTOS 220,0,0,,02 - Aragón,LA_ALMUNIA,Zaragoza,"Almunia de Doña Godina, La",41.49129234174166,-1.3588644709369584
R1-299,50,50025,636994.39,4594597.52,1250016,45,0.0,0,0.0,0.0,,,LOS VIENTOS 220,0,0,,02 - Aragón,LA_ALMUNIA,Zaragoza,"Almunia de Doña Godina, La",41.49129234174166,-1.3588644709369584
R1-299,50,50025,636994.39,4594597.52,1250016,15,0.0,0,21.13,0.0,,,LOS VIENTOS 220,0,0,,02 - Aragón,LA_ALMUNIA,Zaragoza,"Almunia de Doña Godina, La",41.49129234174166,-1.3588644709369584
R1-299,50,50132,661819.18,4622149.55,11058545,45,0.0,0,0.0,0.0,,,ENTRERRIOS 220,0,0,,02 - Aragón,LA_JOYOSA,Zaragoza,"Joyosa, La",41.734691764248225,-1.054183005232134
R1-299,50,50132,661819.18,4622149.55,11058545,15,0.0,0,22.31,0.0,,,ENTRERRIOS 220,0,0,,02 - Aragón,LA_JOYOSA,Zaragoza,"Joyosa, La",41.734691764248225,-1.054183005232134
R1-299,50,50053,640231.6,4632199.69,15147238,66,4.68,0,0.0,0.0,,,MAGALLON 220,0,0,,02 - Aragón,LA_LOTETA,Zaragoza,Boquiñeni,41.82927628570838,-1.311275933123993
R1-299,50,50182,659023.4,4605646.45,1250009,45,0.0,0,6.6,0.0,,,PLAZA 220,0,0,,02 - Aragón,LA_MUELA,Zaragoza,"Muela, La",41.58669205500024,-1.0921746909813115
R1-299,50,50182,659023.4,4605646.45,1250009,15,0.0,0,24.24,0.0,,,PLAZA 220,0,0,,02 - Aragón,LA_MUELA,Zaragoza,"Muela, La",41.58669205500024,-1.0921746909813115
R1-299,50,50297,675539.73,4608176.21,15159747,132,0.0,0,15.0,0.0,0.0,2.0,MONTETORRERO 220,0,0,,02 - Aragón,LA_PAZ,Zaragoza,Zaragoza,41.6060051286357,-0.89340811216931
R1-299,50,50297,675539.73,4608176.21,15159747,15,0.0,0,0.15,0.0,,,MONTETORRERO 220,0,0,,02 - Aragón,LA_PAZ,Zaragoza,Zaragoza,41.6060051286357,-0.89340811216931
R1-299,50,50238,684797.32,4682142.81,11009320,132,0.0,0,0.0,0.0,0.0,0.0,ESQUEDAS 220,0,0,,02 - Aragón,LA_RALLA,Zaragoza,Santa Eulalia de Gállego,42.26961104937625,-0.7591944823164809
R1-299,50,50238,684797.32,4682142.81,11009320,45,0.0,0,0.0,0.0,,,SABIÑANIGO 220,0,0,,02 - Aragón,LA_RALLA,Zaragoza,Santa Eulalia de Gállego,42.26961104937625,-0.7591944823164809
R1-299,50,50240,716089.15,4577604.95,1250050,45,0.0,0,0.0,0.0,,,ESCATRON 220,0,0,,02 - Aragón,LA_ZAIDA,Zaragoza,Sástago,41.320973165075706,-0.4181631896231214
R1-299,50,50240,716089.15,4577604.95,1250050,15,0.0,0,8.05,0.0,,,ESCATRON 220,0,0,,02 - Aragón,LA_ZAIDA,Zaragoza,Sástago,41.320973165075706,-0.4181631896231214
R1-299,50,50251,608464.53,4635297.05,1250033,66,0.0,0,105.53999999999999,0.0,,,LANZAS AGUDAS 220,0,0,,02 - Aragón,LANZAS_AGU,Zaragoza,Tarazona,41.86215368123137,-1.6931499419101954
R1-299,50,50136,692537.72,4563246.62,114,45,0.0,0,0.0,0.0,,,ESCATRON 220,0,0,,02 - Aragón,LECERA,Zaragoza,Lécera,41.197706929854135,-0.7038588385537077
R1-299,50,50136,692537.72,4563246.62,114,15,0.0,0,3.34,0.0,,,ESCATRON 220,0,0,,02 - Aragón,LECERA,Zaragoza,Lécera,41.197706929854135,-0.7038588385537077
R1-299,50,50297,667699.15,4612675.86,11061117,45,0.0,0,0.0,0.0,,,PLAZA 220,0,0,,02 - Aragón,LOGISTICA,Zaragoza,Zaragoza,41.64819486685203,-0.986182480466469
R1-299,50,50297,667699.15,4612675.86,11061117,15,0.0,0,2.65,0.0,,,PLAZA 220,0,0,,02 - Aragón,LOGISTICA,Zaragoza,Zaragoza,41.64819486685203,-0.986182480466469
R1-299,50,50297,676978.43,4617673.06,1750001,132,0.0,0,0.0,0.0,0.0,3.0,LOS LEONES 220,0,0,,02 - Aragón,LOS_LEONES,Zaragoza,Zaragoza,41.691168800895596,-0.8733435093913564
R1-299,50,50297,676978.43,4617673.06,1750001,45,0.0,0,13.6,0.0,,,LOS LEONES 220,0,0,,02 - Aragón,LOS_LEONES,Zaragoza,Zaragoza,41.691168800895596,-0.8733435093913564
R1-299,50,50297,676978.43,4617673.06,1750001,10,0.0,0,2.11,0.0,,,LOS LEONES 220,0,0,Subestación con espacio insuficiente o posibles restricciones para su ampliación. Dificultad para la conexión de una nueva posición o con coste muy elevado.,02 - Aragón,LOS_LEONES,Zaragoza,Zaragoza,41.691168800895596,-0.8733435093913564
R1-299,50,50181,655361.16,4595299.31,11003652,132,0.0,0,61.849999999999994,0.0,1.0,3.0,LOS VIENTOS 220,0,0,,02 - Aragón,LS_VIENTOS,Zaragoza,Muel,41.49426122161021,-1.1387622638515957
R1-299,50,50153,634584.67,4633990.34,1250067,66,4.6,0,95.39999999999999,0.0,,,MAGALLON 220,0,0,,02 - Aragón,MAGALLON,Zaragoza,Magallón,41.84637757439353,-1.3788447542204134
R1-299,50,50153,634584.67,4633990.34,1250067,15,4.6,0,7.22,0.0,,,MAGALLON 220,0,0,,02 - Aragón,MAGALLON,Zaragoza,Magallón,41.84637757439353,-1.3788447542204134
R1-299,50,50297,678623.07,4614646.04,1750006,45,0.0,0,0.0,0.0,,,MONTETORRERO 220,0,0,,02 - Aragón,MALLORCA,Zaragoza,Zaragoza,41.663555744773134,-0.854499521510458
R1-299,50,50297,678623.07,4614646.04,1750006,10,0.0,0,2.22,0.0,,,MONTETORRERO 220,0,0,,02 - Aragón,MALLORCA,Zaragoza,Zaragoza,41.663555744773134,-0.854499521510458
R1-299,50,50219,685967.84,4612901.5,1750019,132,0.0,0,110.02,0.0,2.0,0.0,PEÑAFLOR 220,0,0,,02 - Aragón,MALPICA,Zaragoza,"Puebla de Alfindén, La",41.64617408494327,-0.7668849978931749
R1-299,50,50219,685967.84,4612901.5,1750019,45,0.0,0,0.0,0.0,,,PEÑAFLOR 220,0,0,,02 - Aragón,MALPICA,Zaragoza,"Puebla de Alfindén, La",41.64617408494327,-0.7668849978931749
R1-299,50,50219,685967.84,4612901.5,1750019,15,0.0,0,20.24,0.0,,,PEÑAFLOR 220,0,0,,02 - Aragón,MALPICA,Zaragoza,"Puebla de Alfindén, La",41.64617408494327,-0.7668849978931749
R1-299,50,50163,666598.5,4600030.02,1750032,45,0.0,0,0.0,0.0,,,PLAZA 220,0,0,,02 - Aragón,MARIA_HUER,Zaragoza,María de Huerva,41.53459007121851,-1.0029049263499952
R1-299,50,50163,666598.5,4600030.02,1750032,15,0.0,0,6.58,0.0,,,PLAZA 220,0,0,,02 - Aragón,MARIA_HUER,Zaragoza,María de Huerva,41.53459007121851,-1.0029049263499952
R1-299,50,50902,684258.22,4659144.7,1250039,45,0.0,0,7.2,0.0,,,ESQUEDAS 220,0,0,,02 - Aragón,MARRACOS,Zaragoza,Marracos,42.06276551158513,-0.7730012119994619
R1-299,50,50902,684258.22,4659144.7,1250039,15,0.0,0,5.08,0.0,,,ESQUEDAS 220,0,0,,02 - Aragón,MARRACOS,Zaragoza,Marracos,42.06276551158513,-0.7730012119994619
R1-299,50,50067,615194.94,4579153.46,11025705,45,0.0,0,0.0,0.0,,,CALAMOCHA 220,0,0,,02 - Aragón,MEDIAVEGA,Zaragoza,Calatayud,41.355648713725984,-1.62287526059597
R1-299,50,50067,615194.94,4579153.46,11025705,15,0.0,0,3.83,0.0,,,CALAMOCHA 220,0,0,,02 - Aragón,MEDIAVEGA,Zaragoza,Calatayud,41.355648713725984,-1.62287526059597
R1-299,50,50165,774078.94,4584890.72,12089347,66,8.4,0,0.0,0.0,,,MEQUINENZA 220,0,0,,02 - Aragón,MEQUINENZA,Zaragoza,Mequinenza,41.36888011699921,0.277016064846072
R1-299,50,50165,774078.94,4584890.72,12089347,25,8.4,0,8.09,0.0,,,MEQUINENZA 220,0,0,,02 - Aragón,MEQUINENZA,Zaragoza,Mequinenza,41.36888011699921,0.277016064846072
R1-299,50,50297,676744.55,4612472.33,1750018,132,0.0,0,0.0,0.0,0.0,0.0,MONTETORRERO 220,0,0,,02 - Aragón,MIRAFLORES,Zaragoza,Zaragoza,41.64440901832236,-0.8776907077662794
R1-299,50,50297,676744.55,4612472.33,1750018,45,0.0,0,0.0,0.0,,,MONTETORRERO 220,0,0,,02 - Aragón,MIRAFLORES,Zaragoza,Zaragoza,41.64440901832236,-0.8776907077662794
R1-299,50,50297,676744.55,4612472.33,1750018,10,0.0,0,0.0,0.0,,,MONTETORRERO 220,0,0,Subestación con espacio insuficiente o posibles restricciones para su ampliación. Dificultad para la conexión de una nueva posición o con coste muy elevado.,02 - Aragón,MIRAFLORES,Zaragoza,Zaragoza,41.64440901832236,-0.8776907077662794
R1-299,50,50297,668802.96,4617560.66,1750012,45,0.0,0,0.0,0.0,,,ENTRERRIOS 220,0,0,,02 - Aragón,MONZALBARB,Zaragoza,Zaragoza,41.69193262231602,-0.9715548993829795
R1-299,50,50297,668802.96,4617560.66,1750012,15,0.0,0,1.06,0.0,,,ENTRERRIOS 220,0,0,,02 - Aragón,MONZALBARB,Zaragoza,Zaragoza,41.69193262231602,-0.9715548993829795
R1-299,50,50175,626332.93,4592305.84,11069540,45,0.0,0,0.0,0.0,,,LOS VIENTOS 220,0,0,,02 - Aragón,MORATA,Zaragoza,Morata de Jalón,41.47240856266596,-1.4870198597649464
R1-299,50,50177,619528.0,4593558.17,1250019,45,0.0,0,0.0,0.0,,,LOS VIENTOS 220,0,0,,02 - Aragón,MORES,Zaragoza,Morés,41.48472834639171,-1.5682432702190425
R1-299,50,50177,619528.0,4593558.17,1250019,15,0.0,0,0.94,0.0,,,LOS VIENTOS 220,0,0,,02 - Aragón,MORES,Zaragoza,Morés,41.48472834639171,-1.5682432702190425
R1-299,50,50181,659373.9,4592396.38,1250037,45,0.0,0,9.0,0.0,,,LOS VIENTOS 220,0,0,,02 - Aragón,MUEL,Zaragoza,Muel,41.46733984515291,-1.0914818414091265
R1-299,50,50181,659373.9,4592396.38,1250037,15,0.0,0,6.08,0.0,,,LOS VIENTOS 220,0,0,,02 - Aragón,MUEL,Zaragoza,Muel,41.46733984515291,-1.0914818414091265
R1-299,50,50190,608189.45,4645400.93,11015474,66,0.0,0,16.16,0.0,,,LANZAS AGUDAS 220,0,0,,02 - Aragón,NOVALLAS,Zaragoza,Novallas,41.953171467768165,-1.6946110177354101
R1-299,50,50017,694048.98,4607332.13,1250001,45,0.0,0,7.0,0.0,,,PEÑAFLOR 220,0,0,,02 - Aragón,NUEZ,Zaragoza,Alfajarín,41.594125190735745,-0.6717262127255464
R1-299,50,50017,694048.98,4607332.13,1250001,15,0.0,0,0.8,0.0,,,PEÑAFLOR 220,0,0,,02 - Aragón,NUEZ,Zaragoza,Alfajarín,41.594125190735745,-0.6717262127255464
R1-299,50,50297,678541.43,4612106.42,1750022,45,0.0,0,0.0,0.0,,,MONTETORRERO 220,0,0,,02 - Aragón,OLIVERA,Zaragoza,Zaragoza,41.64071518645578,-0.8562378501197688
R1-299,50,50297,678541.43,4612106.42,1750022,10,0.0,0,9.4,0.0,,,MONTETORRERO 220,0,0,,02 - Aragón,OLIVERA,Zaragoza,Zaragoza,41.64071518645578,-0.8562378501197688
R1-299,50,50122,607284.76,4637952.89,11024890,66,0.0,0,0.0,0.0,,,LANZAS AGUDAS 220,0,0,,02 - Aragón,P.TARAZONA,Zaragoza,Grisel,41.886229222076096,-1.7068790245602146
R1-299,50,50122,607284.76,4637952.89,11024890,13,0.0,0,13.83,0.0,,,LANZAS AGUDAS 220,0,0,,02 - Aragón,P.TARAZONA,Zaragoza,Grisel,41.886229222076096,-1.7068790245602146
R1-299,50,50201,615367.9,4574944.45,15444787,132,0.0,0,45.0,0.0,0.0,1.0,CALAMOCHA 220,0,0,,02 - Aragón,PARACUEL,Zaragoza,Paracuellos de Jiloca,41.3177214113548,-1.6216076007541318
R1-299,50,50297,676027.3,4612750.28,1750016,45,0.0,0,0.0,0.0,,,MONTETORRERO 220,0,0,,02 - Aragón,PARAISO,Zaragoza,Zaragoza,41.647069529386336,-0.8862158270582847
R1-299,50,50297,676027.3,4612750.28,1750016,10,0.0,0,0.0,0.0,,,MONTETORRERO 220,0,0,,02 - Aragón,PARAISO,Zaragoza,Zaragoza,41.647069529386336,-0.8862158270582847
R1-299,50,50903,687830.13,4621382.99,1750031,132,0.0,0,140.0,0.0,1.0,0.0,PEÑAFLOR 220,0,0,,02 - Aragón,PEÑAFLOR,Zaragoza,Villamayor de Gállego,41.72207237704718,-0.7418703480334942
R1-299,50,50099,644197.56,4606031.55,1250022,45,0.0,0,0.0,0.0,,,ENTRERRIOS 220,0,0,,02 - Aragón,PI_EPILA,Zaragoza,Épila,41.59297273611809,-1.2698677123117792
R1-299,50,50099,644197.56,4606031.55,1250022,15,0.0,0,16.95,0.0,,,ENTRERRIOS 220,0,0,,02 - Aragón,PI_EPILA,Zaragoza,Épila,41.59297273611809,-1.2698677123117792
R1-299,50,50115,699979.06,4597767.94,1250043,45,0.0,0,25.6,0.0,,,ESPARTAL 220,0,0,,02 - Aragón,PI_FUENTES,Zaragoza,Fuentes de Ebro,41.50659004400178,-0.6038162314895492
R1-299,50,50115,699979.06,4597767.94,1250043,15,0.0,0,6.01,0.0,,,ESPARTAL 220,0,0,,02 - Aragón,PI_FUENTES,Zaragoza,Fuentes de Ebro,41.50659004400178,-0.6038162314895492
R1-299,50,50208,707620.07,4596951.25,1250054,45,0.0,0,0.0,0.0,,,ESPARTAL 220,0,0,,02 - Aragón,PINA,Zaragoza,Pina de Ebro,41.49729737745803,-0.5126231338734185
R1-299,50,50208,707620.07,4596951.25,1250054,15,0.0,0,5.0,0.0,,,ESPARTAL 220,0,0,,02 - Aragón,PINA,Zaragoza,Pina de Ebro,41.49729737745803,-0.5126231338734185
R1-299,50,50181,658180.44,4594126.68,15194150,132,0.0,0,0.0,0.0,0.0,7.0,LOS VIENTOS 220,0,0,,02 - Aragón,PITARCO,Zaragoza,Muel,41.483153164768964,-1.1053123784815726
R1-299,50,50181,658180.44,4594126.68,15194150,45,0.0,0,30.38,0.0,,,LOS VIENTOS 220,0,0,,02 - Aragón,PITARCO,Zaragoza,Muel,41.483153164768964,-1.1053123784815726
R1-299,50,50181,658180.44,4594126.68,15194150,15,0.0,0,25.29,0.0,,,LOS VIENTOS 220,0,0,,02 - Aragón,PITARCO,Zaragoza,Muel,41.483153164768964,-1.1053123784815726
R1-299,50,50211,646889.32,4616713.52,11007070,45,0.0,0,0.0,0.0,,,ENTRERRIOS 220,0,0,,02 - Aragón,PLASENCIA,Zaragoza,Plasencia de Jalón,41.68865158474936,-1.2349625561280662
R1-299,50,50297,666813.86,4610632.17,11062506,132,0.0,0,231.7,0.0,3.0,0.0,PLAZA 220,0,0,,02 - Aragón,PLAZA,Zaragoza,Zaragoza,41.629983864538296,-0.9973770750956248
R1-299,50,50297,666813.86,4610632.17,11062506,45,0.0,0,35.0,0.0,,,PLAZA 220,0,0,,02 - Aragón,PLAZA,Zaragoza,Zaragoza,41.629983864538296,-0.9973770750956248
R1-299,50,50297,666813.86,4610632.17,11062506,15,0.0,0,52.26,0.0,,,PLAZA 220,0,0,,02 - Aragón,PLAZA,Zaragoza,Zaragoza,41.629983864538296,-0.9973770750956248
R1-299,50,50182,653561.8,4606115.96,11007429,132,0.0,0,44.7,0.0,0.0,0.0,LOS VIENTOS 220,0,0,,02 - Aragón,PORTILLADA,Zaragoza,"Muela, La",41.59198731823682,-1.1575448709355116
R1-299,50,50297,675217.38,4613478.33,15187961,132,0.0,0,0.0,0.0,0.0,2.0,MONTETORRERO 220,0,0,,02 - Aragón,PORTILLO,Zaragoza,Zaragoza,41.65380120370717,-0.8957218944470016
R1-299,50,50297,675217.38,4613478.33,15187961,45,0.0,0,0.0,0.0,,,MONTETORRERO 220,0,0,,02 - Aragón,PORTILLO,Zaragoza,Zaragoza,41.65380120370717,-0.8957218944470016
R1-299,50,50297,675217.38,4613478.33,15187961,10,0.0,0,0.0,0.0,,,MONTETORRERO 220,0,0,,02 - Aragón,PORTILLO,Zaragoza,Zaragoza,41.65380120370717,-0.8957218944470016
R1-299,50,50204,650577.69,4622074.83,1250040,45,0.0,0,0.0,0.0,,,ENTRERRIOS 220,0,0,,02 - Aragón,PRADILLO,Zaragoza,Pedrola,41.73622832320047,-1.1893092855634533
R1-299,50,50204,650577.69,4622074.83,1250040,15,0.0,0,32.8,0.0,,,ENTRERRIOS 220,0,0,,02 - Aragón,PRADILLO,Zaragoza,Pedrola,41.73622832320047,-1.1893092855634533
R1-299,50,50297,683904.66,4606568.61,1750025,45,0.0,0,0.0,0.0,,,MONTETORRERO 220,0,0,,02 - Aragón,PRYDES,Zaragoza,Zaragoza,41.58965299168051,-0.7935865699307475
R1-299,50,50297,683904.66,4606568.61,1750025,10,0.0,0,0.05,0.0,,,MONTETORRERO 220,0,0,,02 - Aragón,PRYDES,Zaragoza,Zaragoza,41.58965299168051,-0.7935865699307475
R1-299,50,50298,690263.69,4646936.02,1250024,45,0.0,0,0.0,0.0,,,VILLANUEVA DE GALLEGO 220,0,0,,02 - Aragón,PUILATOS,Zaragoza,Zuera,41.95146368809806,-0.7044283061383293
R1-299,50,50298,690263.69,4646936.02,1250024,15,0.0,0,5.06,0.0,,,VILLANUEVA DE GALLEGO 220,0,0,,02 - Aragón,PUILATOS,Zaragoza,Zuera,41.95146368809806,-0.7044283061383293
R1-299,50,50222,710446.92,4586897.25,1250056,45,0.0,0,7.85,0.0,,,ESPARTAL 220,0,0,,02 - Aragón,QUINTO,Zaragoza,Quinto,41.406086219098896,-0.48229034812419674
R1-299,50,50222,710446.92,4586897.25,1250056,15,0.0,0,4.82,0.0,,,ESPARTAL 220,0,0,,02 - Aragón,QUINTO,Zaragoza,Quinto,41.406086219098896,-0.48229034812419674
R1-299,50,50058,595808.52,4574614.78,11001568,45,0.0,0,0.0,0.0,,,CALAMOCHA 220,0,0,,02 - Aragón,R.BUBIERCA,Zaragoza,Bubierca,41.317313571825544,-1.8553018031465967
R1-299,50,50147,645657.25,4632016.12,11002139,45,0.0,0,0.0,0.0,,,ENTRERRIOS 220,0,0,,02 - Aragón,R_LUCENI,Zaragoza,Luceni,41.82664465747993,-1.2460122280419759
R1-299,50,50297,667433.85,4610088.31,11044799,45,0.0,0,0.0,0.0,,,PLAZA 220,0,0,,02 - Aragón,REN.F.MUES,Zaragoza,Zaragoza,41.62495831855779,-0.9900905294698326
R1-299,50,50297,674144.47,4615124.61,15183106,45,0.0,0,0.0,0.0,,,MONTETORRERO 220,0,0,,02 - Aragón,RIOEBRO,Zaragoza,Zaragoza,41.668854795671024,-0.9081190107337312
R1-299,50,50297,674144.47,4615124.61,15183106,15,0.0,0,0.0,0.0,,,MONTETORRERO 220,0,0,,02 - Aragón,RIOEBRO,Zaragoza,Zaragoza,41.668854795671024,-0.9081190107337312
R1-299,50,50297,674324.04,4611546.93,1750023,45,0.0,0,0.0,0.0,,,MONTETORRERO 220,0,0,,02 - Aragón,ROMAREDA,Zaragoza,Zaragoza,41.63661214873176,-0.9070065210793583
R1-299,50,50297,674324.04,4611546.93,1750023,10,0.0,0,0.71,0.0,,,MONTETORRERO 220,0,0,,02 - Aragón,ROMAREDA,Zaragoza,Zaragoza,41.63661214873176,-0.9070065210793583
R1-299,50,50230,642581.42,4681283.15,1250010,66,0.0,0,5.01,0.0,,,MAGALLON 220,0,0,,02 - Aragón,SADABA,Zaragoza,Sádaba,42.270731130820316,-1.271045905674888
R1-299,50,50230,642581.42,4681283.15,1250010,13,0.0,0,16.48,0.0,,,MAGALLON 220,0,0,,02 - Aragón,SADABA,Zaragoza,Sádaba,42.270731130820316,-1.271045905674888
R1-299,50,50297,676678.38,4610868.02,1750027,45,0.0,0,0.0,0.0,,,MONTETORRERO 220,0,0,,02 - Aragón,SAGUNTO,Zaragoza,Zaragoza,41.62998320296776,-0.8789584649988322
R1-299,50,50297,676678.38,4610868.02,1750027,10,0.0,0,0.03,0.0,,,MONTETORRERO 220,0,0,Subestación con espacio insuficiente o posibles restricciones para su ampliación. Dificultad para la conexión de una nueva posición o con coste muy elevado.,02 - Aragón,SAGUNTO,Zaragoza,Zaragoza,41.62998320296776,-0.8789584649988322
R1-299,50,50297,677494.36,4615342.26,11009743,45,0.0,0,49.31,0.0,,,LOS LEONES 220,0,0,,02 - Aragón,SAICA_I,Zaragoza,Zaragoza,41.67007459448179,-0.8678409230400014
R1-299,50,50297,680609.63,4604705.35,15109974,45,0.0,0,21.0,0.0,,,CARTUJOS 220,0,0,,02 - Aragón,SAN_BRUNO,Zaragoza,Zaragoza,41.5736337239345,-0.8336524219779554
R1-299,50,50297,680609.63,4604705.35,15109974,15,0.0,0,11.52,0.0,,,CARTUJOS 220,0,0,,02 - Aragón,SAN_BRUNO,Zaragoza,Zaragoza,41.5736337239345,-0.8336524219779554
R1-299,50,50235,684889.33,4631746.97,1250004,45,0.0,0,0.0,0.0,,,VILLANUEVA DE GALLEGO 220,0,0,,02 - Aragón,SAN_MATEO,Zaragoza,San Mateo de Gállego,41.816039733445,-0.7739754230834008
R1-299,50,50235,684889.33,4631746.97,1250004,15,0.0,0,21.23,0.0,,,VILLANUEVA DE GALLEGO 220,0,0,,02 - Aragón,SAN_MATEO,Zaragoza,San Mateo de Gállego,41.816039733445,-0.7739754230834008
R1-299,50,50240,720624.49,4577324.13,12089368,110,0.0,0,33.27,0.0,0.0,0.0,ESCATRON 220,0,0,Subestación con espacio insuficiente o posibles restricciones para su ampliación. Dificultad para la conexión de una nueva posición o con coste muy elevado.,02 - Aragón,SASTAGO,Zaragoza,Sástago,41.317218480104934,-0.3641311645408504
R1-299,50,50240,720624.49,4577324.13,12089368,30,0.0,0,0.0,0.0,,,ESCATRON 220,0,0,,02 - Aragón,SASTAGO,Zaragoza,Sástago,41.317218480104934,-0.3641311645408504
R1-299,50,50039,675506.51,4573968.28,15258321,132,0.0,0,0.0,0.0,0.0,3.0,FUENDETODOS 220,0,0,,02 - Aragón,SEC.AZUARA,Zaragoza,Azuara,41.298091110572635,-0.9037473124898416
R1-299,50,50297,685071.54,4613765.5,11010096,45,0.0,0,0.0,0.0,,,PEÑAFLOR 220,0,0,,02 - Aragón,SEC_CABLEN,Zaragoza,Zaragoza,41.65415899607991,-0.7773726058240922
R1-299,50,50099,650014.47,4601769.53,11003800,45,0.0,0,0.0,0.0,,,PLAZA 220,0,0,,02 - Aragón,SEC_EPILA,Zaragoza,Épila,41.55353097061587,-1.2011720658034302
R1-299,50,50251,605161.49,4639443.18,1250015,66,0.0,0,0.0,0.0,,,LANZAS AGUDAS 220,0,0,,02 - Aragón,TARAZONA,Zaragoza,Tarazona,41.89993402176731,-1.7321996557305173
R1-299,50,50251,605161.49,4639443.18,1250015,13,0.0,0,14.33,0.0,,,LANZAS AGUDAS 220,0,0,,02 - Aragón,TARAZONA,Zaragoza,Tarazona,41.89993402176731,-1.7321996557305173
R1-299,50,50252,644941.31,4643639.71,1250063,66,4.77,0,10.2,0.0,,,MAGALLON 220,0,0,,02 - Aragón,TAUSTE,Zaragoza,Tauste,41.93141923310587,-1.2517789969756499
R1-299,50,50252,644941.31,4643639.71,1250063,13,4.66,0,12.88,0.0,,,MAGALLON 220,0,0,,02 - Aragón,TAUSTE,Zaragoza,Tauste,41.93141923310587,-1.2517789969756499
R1-299,50,50297,678874.09,4607361.19,1750029,132,0.0,0,252.09,0.0,5.0,0.0,MONTETORRERO 220,0,0,Subestación con espacio insuficiente o posibles restricciones para su ampliación. Dificultad para la conexión de una nueva posición o con coste muy elevado.,02 - Aragón,TORRERO,Zaragoza,Zaragoza,41.597929158408114,-0.8536635819492349
R1-299,50,50297,678874.09,4607361.19,1750029,45,0.0,0,0.0,0.0,,,MONTETORRERO 220,0,0,,02 - Aragón,TORRERO,Zaragoza,Zaragoza,41.597929158408114,-0.8536635819492349
R1-299,50,50297,678874.09,4607361.19,1750029,10,0.0,0,21.41,0.0,,,MONTETORRERO 220,0,0,,02 - Aragón,TORRERO,Zaragoza,Zaragoza,41.597929158408114,-0.8536635819492349
R1-299,50,50265,607890.4,4631273.6,1250005,45,0.0,0,0.0,0.0,,,MONCAYO 220,0,0,,02 - Aragón,TRASMOZ,Zaragoza,Trasmoz,41.82600265343972,-1.7007989567475663
R1-299,50,50265,607890.4,4631273.6,1250005,15,0.0,0,2.86,0.0,,,MONCAYO 220,0,0,,02 - Aragón,TRASMOZ,Zaragoza,Trasmoz,41.82600265343972,-1.7007989567475663
R1-299,50,50297,682357.59,4606725.39,11005867,45,0.0,0,0.0,0.0,,,MONTETORRERO 220,0,0,,02 - Aragón,TUDOR,Zaragoza,Zaragoza,41.59141874980207,-0.8120869473674259
R1-299,50,50297,673879.42,4612490.0,1750015,132,0.0,0,0.0,0.0,0.0,2.0,MONTETORRERO 220,0,0,,02 - Aragón,UNIVERSITA,Zaragoza,Zaragoza,41.64519800200937,-0.9120672490494754
R1-299,50,50297,673879.42,4612490.0,1750015,45,0.0,0,0.0,0.0,,,MONTETORRERO 220,0,0,,02 - Aragón,UNIVERSITA,Zaragoza,Zaragoza,41.64519800200937,-0.9120672490494754
R1-299,50,50297,673879.42,4612490.0,1750015,10,0.0,0,0.05,0.0,,,MONTETORRERO 220,0,0,,02 - Aragón,UNIVERSITA,Zaragoza,Zaragoza,41.64519800200937,-0.9120672490494754
R1-299,50,50297,665166.69,4620029.64,1750014,45,0.0,0,0.0,0.0,,,ENTRERRIOS 220,0,0,,02 - Aragón,UTEBO,Zaragoza,Zaragoza,41.71492046698589,-1.0145412689000315
R1-299,50,50297,665166.69,4620029.64,1750014,15,0.0,0,16.81,0.0,,,ENTRERRIOS 220,0,0,,02 - Aragón,UTEBO,Zaragoza,Zaragoza,41.71492046698589,-1.0145412689000315
R1-299,50,50089,673697.48,4606473.84,15049612,132,0.0,0,45.260000000000005,0.0,0.0,0.0,MONTETORRERO 220,0,0,,02 - Aragón,VALDECON,Zaragoza,Cuarte de Huerva,41.59108443519253,-0.9159954165950772
R1-299,50,50089,673697.48,4606473.84,15049612,15,0.0,0,0.4,0.0,,,MONTETORRERO 220,0,0,,02 - Aragón,VALDECON,Zaragoza,Cuarte de Huerva,41.59108443519253,-0.9159954165950772
R1-299,50,50095,650711.84,4665051.15,15061673,66,0.0,0,4.62,0.0,,,MAGALLON 220,0,0,,02 - Aragón,VALDEFERRI,Zaragoza,Ejea de los Caballeros,42.123085895764085,-1.1767094229469133
R1-299,50,50095,650711.84,4665051.15,15061673,13,0.0,0,21.01,0.0,,,MAGALLON 220,0,0,,02 - Aragón,VALDEFERRI,Zaragoza,Ejea de los Caballeros,42.123085895764085,-1.1767094229469133
R1-299,50,50074,756119.75,4573559.04,15184577,132,0.0,0,0.0,0.0,0.0,0.0,ESCATRON 220,0,0,,02 - Aragón,VALDEPILAS,Zaragoza,Caspe,41.27286550892898,0.05781903539634399
R1-299,50,50074,756119.75,4573559.04,15184577,25,0.0,0,6.6,0.0,,,ESCATRON 220,0,0,,02 - Aragón,VALDEPILAS,Zaragoza,Caspe,41.27286550892898,0.05781903539634399
R1-299,50,50095,650899.3,4657828.67,15496657,66,0.0,0,14.0,0.0,,,MAGALLON 220,0,0,,02 - Aragón,VALENTIN,Zaragoza,Ejea de los Caballeros,42.05803344478276,-1.1763066047970065
R1-299,50,50297,665977.75,4612343.39,15165286,45,0.0,0,0.0,0.0,,,PLAZA 220,0,0,,02 - Aragón,VALENZUELA,Zaragoza,Zaragoza,41.645562282010665,-1.0069341108578889
R1-299,50,50297,665977.75,4612343.39,15165286,15,0.0,0,27.54,0.0,,,PLAZA 220,0,0,,02 - Aragón,VALENZUELA,Zaragoza,Zaragoza,41.645562282010665,-1.0069341108578889
R1-299,50,50288,680206.54,4627325.91,15255415,132,0.0,0,0.0,0.0,3.0,1.0,VILLANUEVA DE GALLEGO 220,0,0,,02 - Aragón,VILLANUE_O,Zaragoza,Villanueva de Gállego,41.77732638071893,-0.8316579803619111
R1-299,50,50288,680206.54,4627325.91,15255415,15,0.0,0,0.03,0.0,,,VILLANUEVA DE GALLEGO 220,0,0,,02 - Aragón,VILLANUE_O,Zaragoza,Villanueva de Gállego,41.77732638071893,-0.8316579803619111
R1-299,50,50288,679024.35,4623385.92,1750003,132,0.0,0,200.1,0.0,2.0,0.0,VILLANUEVA DE GALLEGO 220,0,0,,02 - Aragón,VILLANUEVA,Zaragoza,Villanueva de Gállego,41.74213135909729,-0.8470591946119204
R1-299,50,50288,679024.35,4623385.92,1750003,45,0.0,0,14.14,0.0,,,VILLANUEVA DE GALLEGO 220,0,0,Subestación con espacio insuficiente o posibles restricciones para su ampliación. Dificultad para la conexión de una nueva posición o con coste muy elevado.,02 - Aragón,VILLANUEVA,Zaragoza,Villanueva de Gállego,41.74213135909729,-0.8470591946119204
R1-299,50,50288,679024.35,4623385.92,1750003,15,0.0,0,0.95,0.0,,,VILLANUEVA DE GALLEGO 220,0,0,,02 - Aragón,VILLANUEVA,Zaragoza,Villanueva de Gállego,41.74213135909729,-0.8470591946119204
R1-299,50,50288,679024.35,4623385.92,1750003,10,0.0,0,10.7,0.0,,,VILLANUEVA DE GALLEGO 220,0,0,Subestación con espacio insuficiente o posibles restricciones para su ampliación. Dificultad para la conexión de una nueva posición o con coste muy elevado.,02 - Aragón,VILLANUEVA,Zaragoza,Villanueva de Gállego,41.74213135909729,-0.8470591946119204
R1-299,50,50297,679538.74,4609932.82,15437008,45,0.0,0,0.0,0.0,,,MONTETORRERO 220,0,0,Subestación con espacio insuficiente o posibles restricciones para su ampliación. Dificultad para la conexión de una nueva posición o con coste muy elevado.,02 - Aragón,ZARAGOZANA,Zaragoza,Zaragoza,41.620927012862104,-0.8449231988785202
R1-299,50,50298,683397.92,4640454.78,1250026,45,0.0,0,45.3,0.0,,,VILLANUEVA DE GALLEGO 220,0,0,,02 - Aragón,ZUERA,Zaragoza,Zuera,41.894758118509756,-0.7892200734450896
R1-299,50,50298,683397.92,4640454.78,1250026,15,0.0,0,1.57,0.0,,,VILLANUEVA DE GALLEGO 220,0,0,,02 - Aragón,ZUERA,Zaragoza,Zuera,41.894758118509756,-0.7892200734450896
R1-299,50,50298,682808.35,4638006.22,15164019,132,0.0,0,76.7,0.0,0.0,2.0,VILLANUEVA DE GALLEGO 220,0,0,,02 - Aragón,ZUERAOESTE,Zaragoza,Zuera,41.872857210710265,-0.7970794819673896
R1-299,50,50298,682808.35,4638006.22,15164019,45,0.0,0,59.4,0.0,,,VILLANUEVA DE GALLEGO 220,0,0,,02 - Aragón,ZUERAOESTE,Zaragoza,Zuera,41.872857210710265,-0.7970794819673896
R1-299,50,50298,682808.35,4638006.22,15164019,15,0.0,0,12.0,0.0,,,VILLANUEVA DE GALLEGO 220,0,0,,02 - Aragón,ZUERAOESTE,Zaragoza,Zuera,41.872857210710265,-0.7970794819673896
